Date,SPY,EFA,EEM,AGG,TLT,TIP,GLD,VNQ,USO
2017-06-01,213.433,57.1891,34.9621,99.676,100.96,103.365,120.72,67.1335,79.28
2017-06-02,214.152,57.8172,35.1398,99.9947,102.197,103.751,121.61,67.8246,78.88
2017-06-05,213.999,57.4992,35.0967,99.845,101.554,103.503,121.73,67.5336,78.4
2017-06-06,213.301,57.3329,35.1132,100.045,102.006,103.612,123.1,67.2062,79.76
2017-06-07,213.693,57.3515,35.0701,99.9248,101.624,103.365,122.45,67.6781,75.68
2017-06-08,213.807,57.2478,35.2808,99.835,101.34,103.266,121.65,67.5169,75.44
2017-06-09,213.482,57.0335,35.0104,99.7557,101.172,103.167,120.54,67.9907,75.92
2017-06-12,213.433,56.8193,34.8256,99.7557,101.138,102.959,120.36,68.5973,76.16
2017-06-13,214.486,57.2566,34.9941,99.7851,101.154,103.137,120.48,68.7496,76.8
2017-06-14,214.209,57.2135,34.9859,100.094,102.735,103.147,119.82,68.8479,73.84
2017-06-15,213.797,56.6207,34.6241,100.025,102.583,102.662,119.32,69.1988,73.44
2017-06-16,213.846,57.104,34.6854,100.094,102.779,102.751,119.34,69.021,73.92
2017-06-19,215.607,57.3329,35.028,99.9448,102.646,102.642,118.43,69.0288,72.96
2017-06-20,214.171,56.8721,34.6424,100.114,103.529,102.741,118.18,68.8656,71.6
2017-06-21,214.132,56.8036,34.7165,100.134,103.746,102.899,118.52,68.727,69.68
2017-06-22,214.028,56.7938,34.8943,100.174,103.986,103.216,118.92,68.7918,70.24
2017-06-23,214.277,56.9337,35.081,100.194,103.934,103.305,119.43,69.0308,70.88
2017-06-26,214.419,57.0306,35.4181,100.293,104.302,103.464,118.36,69.5242,71.44
2017-06-27,212.659,57.0228,35.004,99.9747,103.212,102.969,118.81,68.899,72.8
2017-06-28,214.602,57.5197,35.2753,100.015,102.872,103.058,118.9,69.0632,73.6
2017-06-29,212.678,56.9513,34.8264,99.835,102.016,102.672,118.32,68.2768,73.68
2017-06-30,213.09,56.9866,34.9868,99.7059,101.792,102.543,118.02,68.2768,76.0
2017-07-03,213.463,56.9161,35.19,99.5266,101.454,102.355,116.09,69.1458,76.96
2017-07-05,213.961,56.9161,35.1231,99.5764,101.481,102.503,116.52,68.1696,74.0
2017-07-06,212.008,56.6637,34.702,99.3972,100.58,102.236,116.47,66.8907,74.48
2017-07-07,213.367,56.6725,34.7678,99.3573,100.008,101.909,115.28,67.2682,72.8
2017-07-10,213.596,56.8124,35.0985,99.4071,100.151,101.879,115.47,66.6538,73.04
2017-07-11,213.443,56.9416,35.3842,99.4868,100.306,102.196,115.62,66.5781,74.16
2017-07-12,215.031,57.3984,36.0701,99.8051,101.023,102.503,116.03,67.3999,74.64
2017-07-13,215.376,57.5638,36.2478,99.686,100.361,102.464,115.82,67.5061,75.76
2017-07-14,216.431,57.9659,36.703,99.7951,100.495,102.454,116.77,68.1548,76.72
2017-07-17,216.401,57.8504,36.5355,99.835,100.785,102.652,117.29,68.7034,75.6
2017-07-18,216.516,57.9052,36.6435,100.055,101.694,102.929,118.11,68.553,76.32
2017-07-19,217.672,58.1586,36.9494,100.084,101.739,102.998,118.08,69.072,77.52
2017-07-20,217.751,58.3944,36.9053,100.114,102.025,102.761,118.24,68.7506,76.88
2017-07-21,217.579,58.1674,36.8806,100.293,102.479,102.909,119.26,68.7034,74.72
2017-07-24,217.523,58.0089,36.9923,100.194,102.061,102.909,119.31,68.5707,76.0
2017-07-25,218.047,58.0891,36.8989,99.835,100.722,102.543,118.92,68.6602,78.48
2017-07-26,218.057,58.4462,37.2031,100.025,100.863,102.81,119.88,69.1359,79.68
2017-07-27,217.839,58.3171,36.9996,99.8849,100.351,102.751,119.79,69.2175,80.48
2017-07-28,217.597,58.3758,36.9833,100.084,100.96,102.969,120.69,69.0308,81.36
2017-07-31,217.483,58.4991,37.0253,100.035,101.087,102.969,120.75,69.1202,82.24
2017-08-01,217.951,58.8229,37.1352,100.323,101.836,103.068,120.65,69.4318,80.72
2017-08-02,218.067,58.8473,37.1691,100.244,101.889,103.008,120.4,68.8017,81.12
2017-08-03,217.643,58.8826,37.017,100.443,102.927,103.295,120.59,68.6602,80.16
2017-08-04,218.037,58.9618,37.1527,100.283,102.051,103.147,119.65,68.8922,81.04
2017-08-07,218.449,58.9892,37.4053,100.273,102.181,103.266,119.51,68.8194,80.8
2017-08-08,217.895,58.6732,37.4137,100.174,101.818,103.345,119.86,68.4891,80.48
2017-08-09,217.885,58.5783,37.0756,100.273,102.372,103.533,121.31,68.2591,81.2
2017-08-10,214.811,57.7467,36.1985,100.373,103.23,103.781,122.21,67.7656,79.28
2017-08-11,215.137,57.642,36.2827,100.453,103.275,103.721,122.79,67.3508,79.92
2017-08-14,217.272,58.0608,36.6526,100.403,102.744,103.325,121.92,68.4724,77.76
2017-08-15,217.244,58.0177,36.6947,100.263,102.33,103.008,120.98,68.2689,78.0
2017-08-16,217.626,58.3494,37.0756,100.443,102.691,103.186,121.87,68.5373,76.56
2017-08-17,214.248,57.6949,36.6023,100.592,103.397,103.444,122.49,68.1126,76.96
2017-08-18,213.912,57.8504,36.9145,100.522,103.412,103.464,122.3,67.4226,79.76
2017-08-21,214.084,57.8338,37.05,100.602,103.681,103.503,122.76,68.146,77.68
2017-08-22,216.314,58.1155,37.4659,100.502,103.285,103.365,122.21,67.9485,78.16
2017-08-23,215.511,58.1224,37.6417,100.752,103.986,103.652,122.67,68.6474,79.04
2017-08-24,215.012,57.9923,37.7598,100.612,103.593,103.385,122.29,68.4312,77.68
2017-08-25,215.511,58.3396,37.9796,100.692,104.003,103.573,122.74,68.7604,78.0
2017-08-28,215.521,58.3396,37.845,100.732,103.942,103.642,124.69,68.2345,76.24
2017-08-29,215.788,58.1058,37.7781,100.871,104.258,103.8,124.42,68.1628,75.68
2017-08-30,216.803,58.0275,37.8358,100.851,104.226,103.771,124.36,68.5451,75.04
2017-08-31,218.106,58.4726,37.8945,100.99,104.532,104.048,125.82,68.9433,77.04
2017-09-01,218.42,58.5499,38.1739,100.762,103.746,103.8,126.06,69.1791,77.36
2017-09-05,216.853,58.1586,37.6766,101.16,105.37,104.504,127.46,68.9885,79.36
2017-09-06,217.588,58.5167,37.921,101.06,104.732,104.375,126.81,69.1713,80.32
2017-09-07,217.569,58.997,38.1995,101.309,105.806,104.82,128.13,69.6136,80.24
2017-09-08,217.311,59.0048,37.9466,101.18,105.585,104.84,127.97,69.6707,77.84
2017-09-11,219.628,59.4696,38.454,100.92,104.312,104.424,126.19,70.3117,78.56
2017-09-12,220.383,59.6515,38.4109,100.772,103.791,104.256,126.56,69.483,78.96
2017-09-13,220.479,59.3287,38.2086,100.672,103.362,104.048,125.61,69.3001,80.56
2017-09-14,220.412,59.4334,38.3092,100.732,103.801,104.226,126.16,69.8781,81.04
2017-09-15,220.699,59.4862,38.5374,100.712,103.847,104.167,125.53,70.0069,81.6
2017-09-18,221.148,59.5645,38.6739,100.662,103.247,104.117,124.36,69.6314,81.36
2017-09-19,221.376,59.8433,38.7572,100.602,102.994,103.989,124.62,69.1713,80.88
2017-09-20,221.456,59.7141,38.5795,100.512,103.071,103.692,123.62,68.9796,81.92
2017-09-21,220.862,59.5918,38.5795,100.492,103.011,103.464,122.68,68.8499,82.0
2017-09-22,220.9,59.7738,38.3606,100.572,103.301,103.721,123.24,68.3603,81.92
2017-09-25,220.479,59.4334,37.7095,100.821,103.952,104.018,124.53,68.7594,84.4
2017-09-26,220.603,59.3042,37.6088,100.781,103.753,103.939,123.14,68.8754,83.92
2017-09-27,221.446,59.3453,37.4731,100.473,102.207,103.622,121.98,68.2522,84.16
2017-09-28,221.714,59.5038,37.4493,100.483,101.906,103.553,122.21,68.7172,83.44
2017-09-29,222.516,59.8531,37.878,100.403,102.134,103.325,121.58,68.8587,83.44
2017-10-02,223.465,59.8012,37.8862,100.463,101.94,103.177,120.77,68.7594,81.68
2017-10-03,223.934,60.0018,38.488,100.552,102.034,103.285,120.83,68.6592,81.44
2017-10-04,224.192,59.8893,38.4797,100.522,102.042,103.365,121.17,69.0101,80.64
2017-10-05,225.55,59.8531,38.7644,100.473,101.658,103.266,120.52,69.2568,82.0
2017-10-06,225.283,59.81,38.573,100.333,101.367,103.177,121.09,69.0327,79.76
2017-10-09,224.911,59.8276,38.5456,100.463,101.694,103.216,122.08,69.1988,80.0
2017-10-10,225.514,60.397,38.9285,100.473,101.873,103.394,122.4,69.4053,82.24
2017-10-11,225.856,60.5447,39.1052,100.492,102.051,103.533,122.79,69.6383,82.88
2017-10-12,225.533,60.4919,39.0887,100.622,102.504,103.711,122.89,70.0845,81.84
2017-10-13,225.801,60.8079,39.4431,100.871,103.22,103.86,123.82,70.2674,82.96
2017-10-16,226.096,60.7619,39.4166,100.772,103.14,103.632,122.97,69.9184,83.68
2017-10-17,226.25,60.6044,39.214,100.742,103.275,103.434,122.13,70.0019,83.92
2017-10-18,226.479,60.7786,39.3075,100.572,102.61,103.315,121.67,69.9263,83.84
2017-10-19,226.536,60.6817,38.9604,100.652,102.779,103.444,122.39,69.7209,82.8
2017-10-20,227.713,60.6044,39.1052,100.353,101.694,103.206,121.61,69.3227,83.44
2017-10-23,226.795,60.4743,38.792,100.463,101.881,103.216,121.8,69.0583,83.36
2017-10-24,227.207,60.5702,38.792,100.254,101.226,103.078,121.33,68.6444,84.32
2017-10-25,226.096,60.3354,38.7067,100.184,100.74,102.959,121.35,68.4439,83.84
2017-10-26,226.394,60.3266,38.4447,100.074,100.38,102.929,120.33,67.8806,84.56
2017-10-27,228.252,60.4665,39.0026,100.303,101.068,103.246,120.9,68.1863,86.72
2017-10-30,227.388,60.6044,38.7572,100.572,102.051,103.523,121.13,68.1293,86.96
2017-10-31,227.751,60.8578,39.1207,100.502,102.089,103.573,120.67,68.1205,87.44
2017-11-01,228.068,60.9194,39.3258,100.552,102.556,103.662,121.11,68.4537,87.2
2017-11-02,228.154,61.1024,39.3734,100.612,102.984,103.82,121.19,69.0327,87.92
2017-11-03,228.891,61.0075,39.172,100.712,103.257,103.899,120.62,68.8587,89.44
2017-11-06,229.236,61.0936,39.6107,100.801,103.635,104.078,121.65,69.3227,92.08
2017-11-07,229.084,60.8666,39.3561,100.831,104.086,104.236,121.21,69.888,91.92
2017-11-08,229.476,61.0691,39.5439,100.762,103.828,104.167,121.63,70.234,91.28
2017-11-09,228.64,60.7199,39.2985,100.692,103.537,104.147,122.13,70.3097,91.68
2017-11-10,228.587,60.5516,39.1299,100.283,102.016,103.672,121.13,70.3834,91.36
2017-11-13,228.787,60.2992,39.0456,100.283,102.224,103.662,121.31,70.7383,91.04
2017-11-14,228.272,60.2551,38.7827,100.383,102.899,103.791,121.56,70.5909,89.04
2017-11-15,227.1,59.9675,38.5795,100.572,104.013,104.098,121.41,69.881,88.72
2017-11-16,229.035,60.4479,39.3817,100.463,103.106,103.87,121.4,70.4591,88.56
2017-11-17,228.382,60.2287,39.5778,100.572,103.873,104.058,122.86,70.1504,90.8
2017-11-20,228.757,60.3598,39.7801,100.512,103.838,103.899,121.31,69.945,90.24
2017-11-21,230.269,60.8157,40.3131,100.622,104.169,103.89,121.51,70.467,91.2
2017-11-22,230.058,60.9811,40.4139,100.801,104.491,104.216,122.63,70.3097,92.8
2017-11-24,230.595,61.481,40.3316,100.781,104.209,104.078,122.32,70.4011,94.32
2017-11-27,230.48,61.1112,39.738,100.781,104.066,104.058,122.83,70.0688,92.72
2017-11-28,232.787,61.4614,40.0347,100.781,104.193,104.048,122.81,69.8014,92.64
2017-11-29,232.652,61.2168,39.4,100.522,103.182,103.751,122.04,69.829,91.76
2017-11-30,234.701,61.2775,38.9696,100.363,102.83,103.652,121.1,69.9361,91.76
2017-12-01,234.222,61.0329,38.7506,100.652,104.209,104.048,121.59,70.1023,93.36
2017-12-04,233.944,60.8157,38.8249,100.642,104.258,104.088,121.18,69.7562,91.92
2017-12-05,233.065,60.6817,38.8011,100.752,104.751,104.206,120.32,69.1753,92.32
2017-12-06,233.112,60.5614,38.2774,100.841,105.124,104.325,120.07,69.1084,89.6
2017-12-07,233.888,60.7199,38.3871,100.722,104.312,104.177,118.49,69.2814,90.64
2017-12-08,235.15,61.0427,38.8343,100.682,104.321,104.127,118.48,69.6383,91.92
2017-12-11,235.86,61.1983,39.0293,100.642,104.123,104.038,118.01,69.6314,92.8
2017-12-12,236.261,61.2775,38.7644,100.592,104.076,104.127,118.15,69.9705,91.52
2017-12-13,236.234,61.5143,39.2297,100.881,104.834,104.325,119.17,70.0845,90.64
2017-12-14,235.275,61.1728,38.9422,100.911,105.286,104.325,118.93,70.0688,91.44
2017-12-15,237.256,61.1552,39.0293,100.94,105.7,104.325,119.18,70.5092,91.68
2017-12-18,238.73,61.8821,39.466,100.811,104.722,104.127,119.73,70.9732,91.52
2017-12-19,237.819,61.6512,39.2617,100.502,103.397,103.8,119.82,69.4643,92.08
2017-12-20,237.697,61.5465,39.3139,100.283,102.252,103.464,120.14,68.6592,92.88
2017-12-21,238.186,61.7657,39.5713,100.373,102.83,103.731,120.31,68.3898,93.12
2017-12-22,238.126,61.9252,39.9056,100.413,102.966,103.791,120.94,68.8617,93.28
2017-12-26,237.838,61.9095,39.8718,100.492,103.275,103.89,121.77,69.2068,95.6
2017-12-27,237.966,62.022,39.9752,100.821,104.603,104.345,122.23,69.4328,95.36
2017-12-28,238.452,62.0562,40.249,100.752,104.515,104.375,122.85,69.8014,95.76
2017-12-29,237.553,62.1003,40.4376,100.841,104.703,104.642,123.65,69.83,96.08
2018-01-02,239.248,62.5601,41.2023,100.702,103.546,104.385,125.15,69.5684,96.56
2018-01-03,240.749,62.8614,41.5952,100.712,104.049,104.484,124.82,69.3669,98.72
2018-01-04,241.783,63.5502,41.8032,100.642,104.032,104.513,125.46,68.1726,98.96
2018-01-05,243.408,63.9053,42.163,100.572,103.731,104.494,125.33,68.205,98.48
2018-01-08,243.843,63.8867,42.163,100.542,103.655,104.385,125.31,68.557,99.04
2018-01-09,244.377,63.9562,42.0953,100.273,102.302,104.028,124.73,67.6742,100.56
2018-01-10,244.032,63.8329,41.8297,100.273,102.181,103.989,125.03,66.9182,101.44
2018-01-11,245.803,64.2741,42.0861,100.323,102.601,103.88,125.44,66.6892,101.6
2018-01-12,247.392,64.9188,42.4881,100.303,102.761,103.979,126.96,66.1524,102.96
2018-01-16,246.559,64.8572,42.3252,100.333,103.182,104.167,127.17,66.2783,102.08
2018-01-17,248.893,65.1937,42.8846,100.214,103.052,104.088,126.14,66.7422,102.24
2018-01-18,248.484,65.1135,42.9342,99.9847,102.106,103.989,125.86,65.8822,102.08
2018-01-19,249.633,65.4755,43.2876,99.7951,101.572,103.81,126.42,66.237,101.76
2018-01-22,251.641,65.812,43.5367,99.7557,101.668,103.751,126.65,66.8406,102.24
2018-01-23,252.179,66.0224,43.7419,99.9747,102.106,103.919,127.28,67.7666,103.76
2018-01-24,252.081,66.1378,44.11,99.8849,101.554,103.84,128.83,67.4137,105.76
2018-01-25,252.189,65.8825,44.0854,100.144,102.391,104.038,127.97,67.2948,104.48
2018-01-26,255.097,66.4646,44.6934,99.9448,101.999,103.969,128.07,67.0618,105.92
2018-01-29,253.403,65.8561,44.0156,99.7951,101.287,103.721,127.35,66.1613,104.88
2018-01-30,250.791,65.3092,43.415,99.6262,100.681,103.484,126.8,65.6816,103.2
2018-01-31,250.922,65.2192,43.7923,99.7159,101.287,103.731,127.65,66.8593,103.84
2018-02-01,250.646,65.407,43.2006,99.4071,99.796,103.206,128.07,65.4192,105.92
2018-02-02,245.191,64.0804,42.0953,99.1084,98.8885,103.087,126.39,64.8637,104.32
2018-02-05,234.94,61.3969,40.618,99.4968,99.806,103.464,126.71,62.936,102.16
2018-02-06,239.573,62.6051,41.9396,99.2279,99.172,103.048,125.38,62.9439,101.6
2018-02-07,238.271,61.9428,40.618,98.985,98.2596,102.83,124.79,62.6775,98.96
2018-02-08,229.331,60.3266,39.2105,98.8017,98.1541,102.632,124.98,60.8766,96.72
2018-02-09,232.767,60.5839,39.8359,98.6862,97.5192,102.325,124.77,62.3993,94.88
2018-02-12,236.185,61.5103,40.4632,98.7161,97.9789,102.394,125.37,62.4248,95.12
2018-02-13,236.778,61.3254,40.7719,98.736,98.3971,102.464,126.08,62.8643,94.96
2018-02-14,239.982,62.4114,41.7941,98.4015,97.2995,102.384,128.23,62.4091,97.44
2018-02-15,243.047,62.7998,42.6512,98.5299,97.638,102.424,128.38,63.0136,98.64
2018-02-16,243.123,63.0835,42.5138,98.7261,98.1795,102.592,127.96,63.3587,99.04
2018-02-20,241.582,62.4906,41.9304,98.6185,97.7228,102.513,126.24,62.6077,99.12
2018-02-21,240.396,62.1893,41.8965,98.2939,96.5501,102.216,125.66,61.372,98.32
2018-02-22,240.693,62.517,41.9222,98.3029,96.8052,102.315,126.3,62.07,100.72
2018-02-23,244.532,63.0121,42.6686,98.5688,97.6811,102.681,126.14,63.0618,102.16
2018-02-26,247.373,63.604,43.0644,98.6384,97.7143,102.79,126.45,63.2388,102.88
2018-02-27,244.281,62.6579,41.8123,98.4214,97.5728,102.563,125.13,61.7662,101.2
2018-02-28,241.822,62.066,41.2106,98.6962,98.2069,102.691,125.0,61.7269,98.96
2018-03-01,238.299,61.0251,41.1318,98.7858,98.8609,102.979,124.72,61.7849,98.8
2018-03-02,239.525,61.3176,41.304,98.6285,98.0787,102.909,125.39,61.7603,98.96
2018-03-05,242.26,61.6414,41.3645,98.5786,97.8029,102.85,125.18,62.4583,100.72
2018-03-06,242.903,62.0064,41.751,98.5986,97.8987,102.82,126.53,62.7512,100.56
2018-03-07,242.809,61.9878,41.7941,98.5786,97.7852,102.82,125.72,63.1395,98.8
2018-03-08,244.012,62.1198,41.8032,98.736,98.3392,102.919,125.42,63.2575,97.2
2018-03-09,248.244,62.517,42.6961,98.5498,97.6985,102.771,125.54,63.6016,99.76
2018-03-12,247.929,62.5885,42.7975,98.6086,98.2596,102.84,125.54,63.8788,98.96
2018-03-13,246.33,62.1736,42.4112,98.736,98.7574,102.919,125.78,63.9407,97.92
2018-03-14,245.057,62.3233,42.4809,98.8903,99.6093,103.087,125.7,63.9977,98.24
2018-03-15,244.771,62.2871,42.3252,98.9003,99.6093,103.097,124.9,63.9819,98.72
2018-03-16,245.057,62.2431,42.2318,98.8415,99.2501,102.929,124.6,64.4272,100.4
2018-03-19,241.756,61.7402,41.7766,98.746,98.9464,102.87,124.87,63.8708,100.4
2018-03-20,242.158,61.7305,42.241,98.5986,98.5612,102.721,124.31,63.6526,102.48
2018-03-21,241.697,61.8283,42.4881,98.5886,98.6786,102.929,126.48,63.1808,105.44
2018-03-22,235.65,60.6797,41.0715,98.7659,99.6292,103.216,125.98,62.8112,103.6
2018-03-23,230.634,60.0086,40.2407,98.7659,99.5468,103.276,127.61,61.6925,106.24
2018-03-26,236.939,61.0857,41.5449,98.736,99.163,103.097,128.28,62.3973,105.68
2018-03-27,232.892,60.6357,40.7894,99.0248,100.236,103.484,127.49,62.6352,104.64
2018-03-28,232.221,60.9899,40.5851,99.0886,100.503,103.484,125.73,64.2081,104.32
2018-03-29,235.199,61.5465,41.434,99.3773,101.005,103.692,125.79,64.1304,104.72
2018-04-02,230.117,60.6964,40.6877,99.2877,101.209,103.791,127.26,63.2643,101.92
2018-04-03,233.036,61.0857,41.0887,99.1682,100.405,103.731,126.3,63.8001,102.48
2018-04-04,235.552,61.298,41.1073,99.208,100.201,103.672,126.45,64.4725,102.56
2018-04-05,237.439,61.7041,41.2106,99.0546,99.4514,103.385,125.8,64.4469,102.64
2018-04-06,232.138,61.298,40.4037,99.2877,100.546,103.791,126.39,63.9613,100.08
2018-04-09,233.256,61.8019,40.446,99.3673,100.722,103.771,126.82,63.7579,102.16
2018-04-10,236.978,62.4642,41.2353,99.2977,100.527,103.731,127.12,63.6861,106.0
2018-04-11,235.725,62.2255,41.2518,99.3773,100.899,104.038,128.11,63.8256,107.6
2018-04-12,237.668,62.4642,41.2353,99.1582,100.142,103.87,126.62,63.113,108.16
2018-04-13,236.978,62.5249,40.824,99.1881,100.37,104.018,127.45,63.4413,108.4
2018-04-16,238.912,62.6227,40.8746,99.208,100.405,103.929,127.63,63.8336,107.04
2018-04-17,241.498,62.9074,40.9605,99.2379,100.699,104.088,127.75,64.5816,107.28
2018-04-18,241.658,63.2312,41.3133,98.9352,99.8757,103.87,127.85,64.4469,111.04
2018-04-19,240.329,62.9954,41.0715,98.6962,99.0562,103.701,127.6,63.512,110.16
2018-04-20,238.281,62.7567,40.5587,98.4214,98.3589,103.365,126.63,62.9242,110.0
2018-04-23,238.243,62.6775,40.2325,98.3715,98.3884,103.335,125.62,62.8732,111.36
2018-04-24,235.036,62.4212,40.043,98.2351,97.9515,103.048,126.23,63.113,109.44
2018-04-25,235.611,62.3145,39.7335,98.0978,97.2809,102.899,125.41,62.994,109.76
2018-04-26,238.023,62.6227,40.3085,98.2739,97.9789,103.147,124.97,63.8188,110.16
2018-04-27,238.234,62.6843,40.5587,98.4015,98.7112,103.484,125.5,64.9139,109.84
2018-04-30,236.403,62.4828,40.2664,98.4214,98.8885,103.573,124.59,64.6573,110.4
2018-05-01,236.817,62.2617,40.0687,98.3327,98.5347,103.276,123.71,65.2432,108.88
2018-05-02,235.238,62.2333,39.7518,98.3327,98.4296,103.394,123.65,65.0043,109.36
2018-05-03,234.701,62.428,39.6648,98.4512,98.8609,103.533,124.28,64.964,110.56
2018-05-04,237.756,62.6491,39.8452,98.52,99.0098,103.563,124.54,65.6777,112.72
2018-05-07,238.558,62.6579,39.6134,98.4712,98.8512,103.583,124.57,66.1191,112.8
2018-05-08,238.558,62.6677,39.8359,98.3517,98.7654,103.385,124.59,65.7888,112.48
2018-05-09,240.855,62.8193,39.9148,98.2351,98.1893,103.335,124.33,66.2311,114.96
2018-05-10,243.123,63.2234,40.7471,98.4712,98.9564,103.533,125.18,66.7482,115.28
2018-05-11,243.871,63.3917,40.6786,98.52,99.1967,103.533,125.0,66.5202,114.0
2018-05-14,243.993,63.5061,40.7307,98.4214,98.6942,103.276,124.49,65.9489,115.04
2018-05-15,242.26,63.0453,39.8882,97.9573,97.5728,102.949,122.48,64.8794,115.2
2018-05-16,243.334,63.1344,40.4898,97.8547,97.1955,102.81,122.29,64.6848,115.68
2018-05-17,243.113,63.2312,39.8718,97.7153,96.698,102.632,122.36,64.3604,115.92
2018-05-18,242.481,63.0033,39.5364,97.9673,97.5365,102.899,122.41,64.4469,115.44
2018-05-21,244.32,63.4014,39.7764,97.9772,97.5912,102.929,122.48,65.2117,117.36
2018-05-22,243.649,63.3212,39.9148,97.9772,97.4307,102.889,122.41,65.3021,116.48
2018-05-23,244.31,62.6227,39.8964,98.2641,98.1541,103.157,122.54,65.9569,116.08
2018-05-24,243.824,62.428,39.683,98.5498,98.9207,103.285,123.59,65.8222,114.32
2018-05-25,243.248,62.022,39.8452,98.7559,99.522,103.424,123.21,66.0512,109.44
2018-05-29,240.434,60.76,38.9202,99.4171,101.746,104.028,123.19,66.3658,108.08
2018-05-30,243.649,61.6855,39.2269,99.1781,101.05,103.83,123.37,67.2673,110.64
2018-05-31,242.148,61.298,39.2105,99.0886,100.883,103.899,123.1,67.0391,108.4
2018-06-01,244.522,61.8283,39.7591,98.9551,100.323,103.741,122.49,67.335,106.0
2018-06-04,245.699,62.0152,40.1628,98.7261,99.6014,103.553,122.37,67.919,104.96
2018-06-05,245.879,61.9173,39.8542,98.7957,99.8409,103.761,122.85,67.742,105.76
2018-06-06,247.919,62.474,40.4551,98.5786,99.0185,103.563,122.92,67.9033,105.28
2018-06-07,247.89,62.1198,39.8359,98.7858,99.9734,103.86,122.86,67.9033,106.8
2018-06-08,248.616,62.1893,39.7591,98.6464,99.6815,103.682,123.01,68.151,106.16
2018-06-11,248.963,62.5885,39.7591,98.5498,99.4942,103.682,123.23,68.0467,106.88
2018-06-12,249.277,62.1893,39.6565,98.5786,99.522,103.612,122.82,68.4567,107.2
2018-06-13,248.493,62.2774,39.3901,98.4811,99.4802,103.553,123.19,67.1217,107.76
2018-06-14,249.105,62.1453,39.1244,98.736,100.306,103.8,123.38,67.7597,108.16
2018-06-15,248.79,61.8283,38.8157,98.7659,100.389,103.84,121.34,67.7185,104.4
2018-06-18,248.302,61.3871,38.3433,98.7858,100.306,103.929,121.11,67.7332,106.32
2018-06-19,247.324,60.8196,37.921,98.8804,100.908,104.098,120.8,67.6644,105.12
2018-06-20,247.755,60.8637,38.0849,98.7061,99.9913,103.8,120.26,68.4203,106.24
2018-06-21,246.214,60.4303,37.5493,98.736,100.527,103.989,120.05,68.7447,106.48
2018-06-22,246.666,61.0721,37.9376,98.8117,100.521,104.147,120.34,69.2864,112.16
2018-06-25,243.314,60.2248,37.4291,98.7659,100.758,104.197,119.89,69.1064,110.16
2018-06-26,243.843,60.3334,37.281,98.9252,100.908,104.355,119.26,69.3286,114.16
2018-06-27,241.822,59.764,36.5628,99.1184,101.881,104.702,118.58,69.0632,117.2
2018-06-28,243.209,59.991,36.8751,99.1084,101.896,104.553,118.22,69.6795,118.88
2018-06-29,243.565,60.3246,37.4291,99.1981,101.545,104.593,118.65,69.8526,120.48
2018-07-02,244.092,59.7738,37.0555,99.0984,101.463,104.632,117.46,69.4672,119.68
2018-07-03,243.219,59.9538,37.0821,99.3075,101.991,104.87,118.65,69.9912,119.36
2018-07-05,245.184,60.5496,36.9886,99.3972,102.288,104.989,119.05,70.8228,118.24
2018-07-06,247.258,60.8735,37.4969,99.4868,102.62,105.147,118.86,71.1983,119.68
2018-07-09,249.497,61.4585,38.1701,99.4071,101.967,104.929,119.15,70.6331,120.24
2018-07-10,250.389,61.4301,38.0849,99.3275,101.958,104.761,118.93,70.7795,120.56
2018-07-11,248.56,60.4048,37.3423,99.3673,102.347,104.88,117.64,70.5455,114.48
2018-07-12,250.791,60.8735,37.8516,99.4769,102.337,104.791,118.13,70.7619,115.12
2018-07-13,250.99,61.0632,37.8761,99.5664,102.591,104.999,117.61,70.5455,115.76
2018-07-16,250.761,61.0349,37.671,99.457,102.171,104.711,117.55,70.1681,111.52
2018-07-17,251.795,61.1435,37.9466,99.4171,101.982,104.563,116.28,69.7061,111.6
2018-07-18,252.339,61.1523,37.9027,99.4071,101.581,104.395,116.31,69.3974,112.8
2018-07-19,251.382,61.0261,37.4374,99.5466,102.217,104.543,115.81,70.2133,113.04
2018-07-20,251.078,61.3157,37.9713,99.3573,100.951,104.296,116.56,69.5351,113.2
2018-07-23,251.555,61.3157,37.7213,99.0049,99.6914,103.781,116.0,69.3906,112.72
2018-07-24,252.838,61.6747,38.2755,99.1582,100.025,103.84,116.04,69.0377,113.84
2018-07-25,254.962,62.1335,38.8963,99.1682,99.8757,103.86,116.68,69.5861,115.36
2018-07-26,254.39,61.8537,38.464,99.1084,99.6815,103.751,115.77,69.8171,115.76
2018-07-27,252.674,61.9721,38.6025,99.1881,99.8568,103.919,115.83,69.072,114.56
2018-07-30,251.334,61.9633,38.5418,99.0746,99.4942,103.86,115.65,69.1153,116.32
2018-07-31,252.596,62.0435,38.7506,99.1682,100.044,104.018,115.99,70.2733,114.24
2018-08-01,252.15,61.7285,38.4046,99.0546,99.2303,103.761,115.14,70.7707,112.72
2018-08-02,253.508,61.3254,37.8935,99.0984,99.385,103.82,114.52,70.4876,114.88
2018-08-03,254.619,61.3587,38.1875,99.3175,99.8757,104.028,114.92,71.2504,114.16
2018-08-06,255.546,61.0975,37.8935,99.3773,99.9285,104.048,114.33,71.155,114.48
2018-08-07,256.38,61.5759,38.2837,99.208,99.4108,103.909,114.59,71.0263,114.88
2018-08-08,256.273,61.5221,38.2306,99.208,99.5041,103.919,114.91,70.6154,111.2
2018-08-09,255.939,61.3411,38.1179,99.3375,100.351,104.167,114.74,70.6508,111.04
2018-08-10,254.214,60.1172,37.3073,99.5466,101.095,104.504,114.69,70.1111,112.64
2018-08-13,253.248,59.901,36.6938,99.5964,100.891,104.484,112.96,69.9715,112.08
2018-08-14,254.868,59.8922,36.9172,99.5068,100.654,104.355,113.07,70.3155,111.92
2018-08-15,252.962,59.0273,35.8559,99.6462,101.253,104.563,111.19,70.8553,108.08
2018-08-16,255.011,59.4402,36.082,99.7059,101.245,104.494,111.1,71.4304,109.04
2018-08-17,255.93,59.7924,36.4603,99.7657,101.376,104.543,112.13,72.0909,109.52
2018-08-20,256.466,60.1172,36.6252,99.9348,102.051,104.761,112.69,72.1411,110.08
2018-08-21,257.068,60.4851,37.0912,99.865,101.713,104.692,113.02,71.7066,110.64
2018-08-22,256.906,60.7208,37.3851,99.9348,102.114,104.929,113.27,71.3006,114.16
2018-08-23,256.57,60.2874,36.7807,99.8949,102.278,105.009,112.2,71.1236,114.16
2018-08-24,258.131,60.6377,37.4641,99.9947,102.479,105.117,114.16,71.5424,115.44
2018-08-27,260.171,61.4497,37.997,99.8749,101.889,104.949,114.59,71.2839,116.0
2018-08-28,260.293,61.3969,37.8605,99.6959,101.268,104.741,113.68,72.2452,115.44
2018-08-29,261.681,61.7285,38.0942,99.676,101.41,104.741,114.2,72.2639,117.28
2018-08-30,260.628,61.1435,37.0995,99.7258,101.631,104.84,113.64,71.798,118.0
2018-08-31,260.637,60.6563,37.2891,99.7159,101.385,104.711,113.51,72.083,117.68
2018-09-04,260.197,60.1426,36.5628,99.5964,100.794,104.563,112.93,71.2269,116.64
2018-09-05,259.47,59.5948,36.0372,99.5566,100.513,104.454,113.32,71.6357,115.92
2018-09-06,258.686,59.4138,36.0728,99.7258,100.899,104.553,113.54,71.8422,114.4
2018-09-07,258.206,58.9354,35.8907,99.3773,100.017,104.256,113.23,71.0617,114.24
2018-09-10,258.638,59.2974,35.5362,99.457,100.389,104.286,113.15,71.3782,113.68
2018-09-11,259.49,59.3492,35.614,99.3075,99.6292,104.058,113.22,71.3703,116.8
2018-09-12,259.547,59.6036,35.7944,99.3673,99.8658,104.157,114.17,71.4047,118.24
2018-09-13,261.08,60.0448,36.2798,99.4171,100.008,103.998,113.76,71.7576,115.92
2018-09-14,261.126,60.1338,36.2449,99.2578,99.5289,103.81,113.02,71.3006,116.0
2018-09-17,259.748,60.1886,35.9172,99.2578,99.5289,103.83,113.61,71.5335,115.76
2018-09-18,261.156,60.8196,36.2625,99.0248,98.5005,103.632,113.44,71.1895,117.52
2018-09-19,261.434,61.0349,36.7624,98.8217,97.9271,103.523,113.88,70.3579,119.52
2018-09-20,263.567,61.7921,37.1691,98.965,98.3686,103.652,114.27,71.0184,118.4
2018-09-21,263.325,61.8195,37.3423,99.0447,98.3215,103.652,113.49,70.9919,119.68
2018-09-24,262.447,61.5407,36.9172,98.9451,98.0876,103.573,113.47,69.7149,122.0
2018-09-25,262.227,61.8449,37.0646,98.8903,97.9877,103.533,113.65,69.7228,122.16
2018-09-26,261.405,61.8733,37.1434,99.1482,98.6696,103.692,113.05,68.8892,120.88
2018-09-27,262.17,61.7481,37.3257,99.218,98.7199,103.731,112.05,69.2175,122.08
2018-09-28,262.198,61.2423,37.0739,99.1084,98.465,103.682,112.76,70.1573,124.16
2018-10-01,263.086,61.3157,37.0821,99.0746,97.7511,103.385,112.57,69.5055,127.6
2018-10-02,262.937,60.9997,36.6169,99.1981,98.3392,103.563,113.87,69.3502,126.96
2018-10-03,263.078,60.892,36.3138,98.7161,96.6468,103.058,113.42,68.61,128.64
2018-10-04,261.012,60.1788,35.4071,98.4313,95.9578,102.81,113.48,68.0349,125.92
2018-10-05,259.547,59.8198,35.277,98.2053,95.1309,102.553,113.8,68.0025,125.52
2018-10-08,259.547,59.5302,35.3284,98.1654,94.8278,102.503,112.54,68.9836,125.44
2018-10-09,259.192,59.3786,35.1993,98.3129,95.7732,102.78,112.6,69.0789,126.56
2018-10-10,250.962,58.1185,34.1542,98.2839,95.4972,102.691,112.88,68.0536,123.04
2018-10-11,245.441,57.3065,33.8089,98.5886,96.67,102.84,115.78,66.1072,119.6
2018-10-12,248.858,57.5139,34.8026,98.6086,96.3498,102.691,115.23,65.9332,120.96
2018-10-15,247.45,57.3779,34.4308,98.5498,96.3037,102.761,116.0,66.3766,121.04
2018-10-16,252.866,58.3592,35.2944,98.6086,96.5308,102.761,115.8,67.741,121.52
2018-10-17,252.903,58.0275,34.8621,98.4015,95.9408,102.533,115.79,67.4796,118.56
2018-10-18,249.258,57.0903,33.9464,98.3327,95.9072,102.454,115.92,67.3498,116.48
2018-10-19,249.125,57.4141,34.266,98.2451,95.6939,102.365,116.01,67.9318,117.76
2018-10-22,248.004,57.1627,34.6387,98.2252,95.5602,102.305,115.71,66.9831,117.92
2018-10-23,246.751,56.6216,34.2578,98.3517,95.8727,102.335,116.39,67.279,112.32
2018-10-24,239.276,55.0182,33.1522,98.6086,96.6042,102.672,116.66,67.9131,112.4
2018-10-25,243.584,55.7118,33.7907,98.5299,96.1968,102.236,116.4,68.783,113.68
2018-10-26,239.286,55.3332,33.4034,98.746,96.7684,102.751,116.77,67.1315,114.64
2018-10-29,237.956,55.1796,32.8253,98.6464,96.5674,102.652,116.31,67.9868,112.88
2018-10-30,241.498,55.8449,33.4639,98.51,96.0809,102.384,115.8,68.9147,112.24
2018-10-31,244.082,56.2597,33.8255,98.4612,95.5773,102.147,115.15,68.1058,110.32
2018-11-01,246.675,56.9817,35.0351,98.4712,95.6662,102.008,116.63,68.4272,107.68
2018-11-02,245.191,57.0629,35.2596,98.1654,94.4869,101.691,116.65,67.8639,106.48
2018-11-05,246.559,57.0629,35.355,98.2351,94.8714,101.879,116.37,68.8705,106.4
2018-11-06,248.109,57.2967,35.2944,98.2451,94.8099,101.85,116.04,69.2175,105.44
2018-11-07,253.413,58.0617,35.9603,98.3327,94.9367,101.919,116.03,70.0443,104.48
2018-11-08,252.952,57.4963,35.0262,98.1455,94.9272,101.78,115.78,70.0973,102.72
2018-11-09,250.483,57.1167,34.3786,98.2739,95.6146,102.028,114.48,70.0885,101.6
2018-11-12,245.813,56.1794,33.896,98.4413,96.2514,102.246,113.66,70.2281,99.84
2018-11-13,245.333,56.424,34.2844,98.4811,96.1891,102.157,113.7,70.1573,93.52
2018-11-14,243.677,56.468,34.4913,98.491,96.2514,102.166,114.64,69.9853,95.6
2018-11-15,246.224,56.6481,35.2596,98.6086,96.2065,102.256,114.77,69.5055,95.84
2018-11-16,246.867,56.7116,35.3284,98.7659,96.7511,102.681,115.62,70.2526,96.56
2018-11-19,242.672,56.2166,34.853,98.7559,97.0192,102.632,115.67,70.349,97.12
2018-11-20,238.186,55.2442,34.103,98.7261,97.0512,102.483,115.67,69.6294,90.16
2018-11-21,238.998,56.018,34.7331,98.7858,97.0192,102.434,115.86,69.6865,92.16
2018-11-23,237.429,55.6492,34.3274,98.7559,97.121,102.275,115.77,69.5498,86.64
2018-11-26,241.239,56.4866,34.7504,98.736,96.8953,102.157,115.64,69.6785,87.52
2018-11-27,242.04,56.2685,34.9922,98.7659,97.0096,101.879,114.95,69.9754,87.6
2018-11-28,247.612,57.0717,35.8301,98.9551,96.5597,102.008,115.38,70.6016,85.28
2018-11-29,247.077,56.7821,35.519,99.0049,96.9146,102.612,115.74,70.6184,86.96
2018-11-30,248.588,56.5404,35.4849,98.975,97.2897,102.632,115.54,71.2888,85.84
2018-12-03,251.882,57.2869,36.2029,99.1482,97.9965,102.81,116.41,71.6692,90.16
2018-12-04,243.726,55.8018,35.4327,99.4071,99.6093,103.117,117.12,70.6095,89.44
2018-12-06,243.362,55.2794,35.1048,99.6362,99.9196,103.127,117.14,72.3573,87.52
2018-12-07,237.687,54.7217,34.4481,99.7752,100.107,103.266,118.09,71.4107,88.88
2018-12-10,238.136,54.2981,34.0856,99.835,100.527,103.018,117.68,70.9506,86.0
2018-12-11,238.196,54.4693,34.3458,99.855,100.513,102.632,117.54,70.984,87.6
2018-12-12,239.401,55.2696,34.9052,99.7951,100.054,102.483,117.79,69.889,86.56
2018-12-13,239.322,55.1708,34.897,99.8151,99.8339,102.503,117.53,70.295,89.68
2018-12-14,234.902,54.4595,34.4052,99.835,100.167,102.582,117.06,70.0915,86.56
2018-12-17,230.286,54.0271,34.0856,99.9947,100.767,102.751,117.87,67.4501,83.6
2018-12-18,230.03,54.0731,34.3136,100.293,101.385,102.988,118.15,68.147,78.32
2018-12-19,226.595,53.5526,33.743,100.393,102.709,103.157,117.43,67.3999,80.16
2018-12-20,222.91,53.3354,34.0058,100.293,102.337,102.889,119.24,66.3864,77.76
2018-12-21,218.344,52.406,33.7687,100.244,102.321,102.84,118.72,65.4614,76.56
2018-12-24,212.563,51.7975,33.4546,100.313,102.83,102.979,120.02,63.1297,74.32
2018-12-26,223.301,52.9979,34.1195,100.124,101.739,102.78,119.66,65.2412,79.2
2018-12-27,225.025,53.1535,34.0765,100.283,101.755,102.78,120.57,65.2324,76.96
2018-12-28,224.726,53.4352,34.4006,100.662,102.601,103.078,121.06,65.4457,76.24
2018-12-31,226.699,53.5174,34.2432,100.92,102.994,103.147,121.25,65.6217,77.28
2019-01-02,226.929,53.4088,34.3311,101.0,103.519,103.305,121.33,64.1952,78.8
2019-01-03,221.503,52.9255,33.7082,101.438,104.713,103.899,122.43,64.6436,79.6
2019-01-04,228.938,54.5456,34.7954,101.12,103.483,103.682,121.44,65.4015,81.44
2019-01-07,230.757,54.756,34.8741,100.94,103.182,103.632,121.86,66.0433,82.32
2019-01-08,232.902,55.1111,35.006,100.861,102.917,103.701,121.53,67.4078,84.0
2019-01-09,234.012,55.7314,35.6279,100.95,102.761,103.82,122.31,67.3085,88.4
2019-01-10,234.835,55.9486,35.8824,100.841,102.106,103.602,121.59,68.2247,88.8
2019-01-11,234.931,55.5651,35.7075,100.98,102.504,103.85,121.8,68.4193,87.2
2019-01-14,233.485,55.3107,35.4089,100.841,102.124,103.662,122.09,68.1883,85.52
2019-01-15,236.155,55.6032,35.6545,100.851,101.755,103.592,121.88,68.84,88.0
2019-01-16,236.73,55.7578,36.0932,100.94,101.863,103.583,122.27,69.3247,88.48
2019-01-17,238.53,55.9574,36.2506,100.861,101.881,103.493,122.11,69.6608,88.24
2019-01-18,241.706,56.5219,36.4255,100.791,101.35,103.365,121.02,69.8968,90.48
2019-01-22,238.443,55.6482,35.7937,100.871,102.025,103.434,121.45,69.6835,88.96
2019-01-23,238.931,55.9026,36.1636,100.98,101.991,103.305,121.28,69.6933,88.4
2019-01-24,239.065,55.9671,36.5134,101.16,102.655,103.474,121.09,69.9322,89.36
2019-01-25,241.103,56.604,36.9962,101.11,102.163,103.305,122.86,70.8041,90.0
2019-01-28,239.266,56.2949,36.6105,101.05,102.061,103.157,123.29,71.4981,87.6
2019-01-29,238.931,56.4221,36.6709,101.329,102.583,103.474,123.98,72.0644,89.28
2019-01-30,242.711,57.0413,37.4694,101.568,102.504,104.018,124.69,72.6423,91.2
2019-01-31,244.838,57.0687,37.7845,101.856,103.37,104.612,124.75,73.4013,90.8
2019-02-01,244.96,57.0492,37.487,101.658,102.751,104.246,124.5,72.9344,93.04
2019-02-04,246.703,57.2585,37.5483,101.578,102.296,104.028,123.96,73.478,92.0
2019-02-05,247.73,57.7056,38.0657,101.787,102.761,104.177,124.28,73.9016,90.32
2019-02-06,247.402,57.4141,37.5483,101.728,102.815,104.107,123.44,73.417,90.56
2019-02-07,245.038,56.649,37.171,101.778,103.473,104.276,123.74,74.0255,88.56
2019-02-08,245.333,56.468,36.9612,101.996,103.925,104.325,124.21,74.0255,88.64
2019-02-11,245.479,56.4133,36.8376,101.896,103.51,104.098,123.6,74.226,88.08
2019-02-12,248.636,57.0687,37.1454,101.906,103.247,104.117,123.86,73.76,89.28
2019-02-13,249.45,57.0775,36.8815,101.738,102.863,104.098,123.37,74.1385,90.72
2019-02-14,248.893,57.0961,36.952,101.886,103.446,104.395,124.06,74.3774,91.84
2019-02-15,251.603,57.9238,36.8998,101.956,103.61,104.395,124.8,74.8768,93.68
2019-02-19,252.033,58.1429,37.1883,102.016,103.873,104.642,126.7,74.8621,94.24
2019-02-20,252.57,58.3073,37.399,102.026,103.573,104.682,126.48,74.3932,95.44
2019-02-21,251.641,58.187,37.3212,101.807,102.665,104.494,125.05,74.4649,95.04
2019-02-22,253.202,58.3797,37.7324,102.056,103.267,104.781,125.5,74.9033,95.6
2019-02-25,253.537,58.5519,38.1527,102.026,102.966,104.702,125.37,74.3145,92.56
2019-02-26,253.373,58.8336,38.0218,102.136,103.454,104.86,125.58,74.0855,93.04
2019-02-27,253.258,58.5979,37.6966,101.916,102.302,104.603,124.69,73.7168,95.12
2019-02-28,252.811,58.5167,37.2067,101.748,101.967,104.424,123.99,73.9095,95.6
2019-03-01,254.38,58.8336,37.2516,101.598,101.014,104.226,121.88,73.6815,93.28
2019-03-04,253.433,58.6174,37.3029,101.708,101.818,104.375,121.56,74.0166,94.4
2019-03-05,253.087,58.6703,37.6719,101.778,102.016,104.345,121.72,74.2192,94.56
2019-03-06,251.574,58.5255,37.4612,101.916,102.391,104.454,121.61,73.8761,94.0
2019-03-07,249.469,57.778,36.7681,102.206,103.052,104.761,121.51,73.7168,94.48
2019-03-08,248.973,57.7868,36.5043,102.344,103.463,104.86,122.84,73.7935,93.84
2019-03-11,252.596,58.2877,37.1883,102.354,103.166,104.84,122.24,74.8768,94.88
2019-03-12,253.518,58.2525,37.3816,102.554,103.892,105.038,122.98,75.2198,95.12
2019-03-13,255.202,58.7524,37.4264,102.504,103.698,105.157,123.84,75.5905,97.52
2019-03-14,255.04,58.7436,37.2241,102.344,102.956,105.137,122.41,75.7055,97.76
2019-03-15,256.302,59.3815,37.7681,102.604,103.626,105.504,122.97,75.4685,97.6
2019-03-18,257.23,59.5918,38.1875,102.594,103.565,105.494,123.04,75.0891,98.48
2019-03-19,257.297,59.7083,38.2059,102.534,103.334,105.405,123.38,74.8621,98.24
2019-03-20,256.513,59.7347,38.2671,102.952,104.427,106.078,124.18,75.0891,100.0
2019-03-21,259.404,59.6985,38.3186,102.972,104.667,106.068,123.68,76.429,99.52
2019-03-22,254.434,58.5519,37.1974,103.47,106.275,106.405,123.97,75.8725,97.84
2019-03-25,254.234,58.6341,37.2845,103.639,106.442,106.375,124.92,75.9699,98.0
2019-03-26,256.142,58.9256,37.399,103.659,106.369,106.177,124.3,76.5764,99.76
2019-03-27,254.791,58.953,36.9962,103.889,107.358,106.227,123.65,76.3552,98.72
2019-03-28,255.749,58.8072,37.2423,103.898,107.719,106.316,121.9,77.1003,98.8
2019-03-29,257.355,59.0528,37.6278,103.889,107.621,106.514,122.01,77.0306,100.0
2019-04-01,260.428,59.809,38.2498,103.42,106.087,106.098,121.53,76.9844,102.56
2019-04-02,260.561,59.8276,38.1261,103.529,106.291,106.207,121.98,77.526,104.08
2019-04-03,260.955,60.2913,38.3908,103.341,105.361,105.88,121.8,77.4396,103.92
2019-04-04,261.645,60.1642,38.6271,103.42,105.673,105.949,122.11,77.3137,103.36
2019-04-05,262.917,60.3197,38.9256,103.49,105.806,106.068,121.98,77.8554,105.2
2019-04-08,263.116,60.354,38.9256,103.45,105.426,105.969,122.51,77.4199,107.2
2019-04-09,261.759,59.9734,38.8461,103.5,105.762,106.068,123.15,77.0129,106.64
2019-04-10,262.648,60.2004,39.0302,103.689,106.015,106.474,123.53,77.7216,107.28
2019-04-11,262.591,60.0732,38.6087,103.579,105.388,106.217,121.95,77.6686,106.16
2019-04-12,264.352,60.4919,38.889,103.38,104.657,106.019,121.83,78.0402,106.4
2019-04-15,264.181,60.5193,38.6884,103.361,104.907,106.068,121.6,77.6421,105.92
2019-04-16,264.352,60.5643,38.9779,103.171,104.258,105.83,120.51,75.8874,106.96
2019-04-17,263.711,60.7375,39.0924,103.161,104.293,105.811,120.28,75.1943,106.24
2019-04-18,264.227,60.7003,39.0648,103.301,104.834,106.108,120.37,75.7713,106.56
2019-04-22,264.457,60.6005,38.8111,103.171,104.341,106.009,120.37,74.9388,109.36
2019-04-23,266.832,60.7199,38.8982,103.361,104.567,106.256,120.12,75.9306,110.32
2019-04-24,266.245,60.3002,38.3725,103.599,105.408,106.633,120.47,76.49,109.44
2019-04-25,266.086,60.2551,38.3186,103.589,105.249,106.633,120.57,76.3297,108.24
2019-04-26,267.318,60.5017,38.4686,103.789,105.62,106.87,121.37,76.9323,104.72
2019-04-29,267.751,60.7463,38.5474,103.619,104.942,106.573,120.83,76.1783,105.84
2019-04-30,267.893,60.7825,38.5136,103.669,105.48,106.742,121.2,76.9067,106.32
2019-05-01,265.864,60.4361,38.2233,103.739,105.917,106.514,120.4,76.9687,105.76
2019-05-02,265.299,60.3442,38.3102,103.519,105.408,106.058,119.94,77.0483,102.56
2019-05-03,267.893,60.9928,38.7653,103.679,105.718,106.365,120.65,77.703,102.96
2019-05-06,266.774,60.3002,37.9677,103.819,105.999,106.534,120.81,77.4562,104.56
2019-05-07,262.332,59.2445,37.2241,103.947,106.82,106.593,121.21,76.0555,101.84
2019-05-08,261.97,59.3179,37.171,103.928,106.35,106.306,120.91,75.9758,103.12
2019-05-09,261.165,59.045,36.5832,103.987,106.794,106.494,121.2,76.1694,102.48
2019-05-10,262.496,59.4803,36.8028,104.007,106.644,106.732,121.43,76.9844,102.72
2019-05-13,255.891,58.0979,35.5766,104.187,107.49,106.94,122.67,76.9067,101.44
2019-05-14,258.216,58.6791,36.0765,104.277,107.184,107.019,122.46,77.1889,102.96
2019-05-15,259.702,58.8894,36.1462,104.445,107.824,107.237,122.39,77.7118,103.76
2019-05-16,262.131,59.3619,35.9703,104.337,107.474,107.068,121.51,78.0215,105.12
2019-05-17,260.438,58.9716,35.321,104.366,107.703,106.959,120.65,77.8731,104.64
2019-05-20,258.696,58.7339,35.1708,104.217,107.49,106.831,120.64,76.7465,105.2
2019-05-21,261.031,59.1271,35.6195,104.207,107.311,106.89,120.36,77.4022,105.04
2019-05-22,260.245,58.8894,35.4438,104.376,107.922,106.93,120.24,77.6322,101.92
2019-05-23,257.058,58.3513,34.9878,104.685,109.159,107.138,121.17,77.8102,96.72
2019-05-24,257.643,58.9804,35.0223,104.715,109.241,107.326,121.3,78.048,97.84
2019-05-28,255.241,58.4061,35.146,104.874,110.095,107.385,120.83,77.2783,97.84
2019-05-29,253.518,58.0334,35.3741,104.904,110.358,107.583,120.87,76.251,97.92
2019-05-30,254.224,58.2525,35.5674,105.163,111.3,107.94,121.69,76.5696,94.08
2019-05-31,250.781,57.7232,35.6891,105.66,112.695,108.583,123.33,77.0129,88.8
2019-06-03,250.16,58.0598,36.0144,105.91,113.453,108.881,125.11,77.1967,87.92
2019-06-04,255.584,58.725,36.0932,105.82,112.147,108.663,125.15,76.8536,89.28
2019-06-05,257.795,58.7065,35.8027,105.76,111.529,108.732,125.47,78.457,86.16
2019-06-06,259.47,58.9432,35.8209,105.74,111.882,108.663,125.88,78.6073,88.48
2019-06-07,262.082,59.6907,36.1012,106.039,112.855,109.069,126.59,78.9012,89.84
2019-06-10,263.291,59.854,36.4777,105.76,111.798,108.484,125.33,78.6418,88.88
2019-06-11,263.224,60.1544,36.8907,105.74,111.868,108.346,125.18,78.8541,88.88
2019-06-12,262.744,59.7083,36.4961,105.88,111.935,108.395,125.83,79.1224,85.12
2019-06-13,263.836,59.7631,36.4346,106.098,112.324,108.435,126.6,79.4587,87.04
2019-06-14,263.54,59.3277,36.0308,106.079,112.612,108.276,126.56,79.5019,87.52
2019-06-17,263.641,59.3727,36.1736,106.049,112.81,108.078,126.48,80.3532,86.48
2019-06-18,266.39,60.1632,37.0464,106.338,113.376,108.504,127.12,80.2746,90.0
2019-06-19,267.003,60.5359,37.3559,106.706,113.542,109.128,127.89,80.7091,90.64
2019-06-20,269.558,61.0662,37.9037,106.896,113.849,109.752,131.11,81.1141,94.8
2019-06-21,269.156,60.8059,37.781,106.616,112.585,109.257,131.98,79.9727,95.76
2019-06-24,268.824,60.9351,37.7277,106.806,113.428,109.475,133.94,79.6955,96.08
2019-06-25,266.19,60.5731,37.3385,106.826,113.787,109.277,134.2,78.5189,96.0
2019-06-26,265.93,60.6465,37.692,106.586,113.057,109.168,132.97,76.95,98.32
2019-06-27,266.867,60.7962,37.9568,106.886,113.859,109.386,132.84,77.9438,98.32
2019-06-28,268.246,61.1396,37.9037,106.836,113.779,109.425,133.2,78.2132,96.32
2019-07-01,270.669,61.4282,38.3543,106.916,113.506,109.188,130.62,78.1758,98.24
2019-07-02,271.395,61.6052,38.258,107.114,114.387,109.247,133.41,79.5372,93.6
2019-07-03,273.549,62.024,38.1866,107.284,115.2,109.534,133.63,80.4849,94.16
2019-07-05,273.244,61.5495,37.9219,106.826,113.675,109.197,132.14,80.1979,95.6
2019-07-08,271.759,61.1953,37.692,106.766,113.83,109.217,131.29,80.4849,95.44
2019-07-09,272.075,60.9351,37.5777,106.736,113.787,109.336,131.75,80.7533,96.32
2019-07-10,273.387,61.1484,37.8945,106.816,113.155,109.524,133.83,81.2182,100.24
2019-07-11,274.028,61.1298,37.8239,106.418,111.644,109.178,132.7,80.1635,100.4
2019-07-12,275.235,61.2051,37.8516,106.536,111.781,109.376,133.53,80.0563,100.16
2019-07-15,275.329,61.2618,37.9915,106.686,112.413,109.643,133.53,79.9934,98.4
2019-07-16,274.402,61.0104,37.9393,106.576,112.072,109.475,132.4,79.8047,96.56
2019-07-17,272.592,60.9263,37.8239,106.856,113.298,109.693,134.58,79.5372,94.0
2019-07-18,273.579,61.1122,38.0537,107.034,113.307,109.93,136.48,79.5372,92.48
2019-07-19,272.055,60.9351,37.8605,106.906,113.039,109.752,134.47,78.2397,93.36
2019-07-22,272.727,61.0016,37.8688,107.044,113.251,109.782,134.45,78.166,93.44
2019-07-23,274.689,61.3822,37.9127,106.936,112.628,109.752,133.69,79.0547,94.48
2019-07-24,275.971,61.4282,37.9741,107.094,113.119,109.782,134.37,79.1156,92.72
2019-07-25,274.66,60.8059,37.6398,106.926,112.576,109.603,133.42,78.6497,92.8
2019-07-26,276.507,60.9263,37.7187,106.945,112.846,109.524,133.64,79.0085,93.2
2019-07-29,275.99,61.0564,37.6481,106.995,112.883,109.435,134.53,79.2237,94.56
2019-07-30,275.299,60.3481,37.3559,106.985,113.155,109.594,134.98,79.8588,96.64
2019-07-31,272.294,59.9489,36.8973,107.034,114.064,109.762,133.21,79.5452,96.32
2019-08-01,269.931,59.7816,36.1736,107.861,116.322,110.168,136.41,79.5452,90.48
2019-08-02,267.903,59.2524,35.8192,107.891,117.389,110.247,135.89,79.9295,91.84
2019-08-05,259.834,57.7722,34.4949,108.369,119.424,110.633,137.79,78.3567,90.96
2019-08-06,263.493,58.1645,34.9886,108.667,120.382,111.039,138.91,79.2237,89.12
2019-08-07,263.641,58.3875,35.1479,108.608,120.428,111.099,141.02,79.9934,86.72
2019-08-08,268.804,58.954,35.5812,108.717,120.687,111.376,141.73,81.3972,87.68
2019-08-09,266.984,58.545,35.2183,108.568,120.445,111.267,141.26,81.2989,90.24
2019-08-12,263.78,58.0803,34.7944,108.987,122.961,111.713,142.615,81.0816,90.92
2019-08-13,267.844,58.6292,35.2359,108.807,122.539,111.525,141.78,81.2005,94.96
2019-08-14,259.912,57.0198,34.2212,109.145,125.284,111.742,142.75,79.9679,91.52
2019-08-15,260.61,57.2145,34.4501,109.653,126.688,112.238,143.7,80.7622,90.8
2019-08-16,264.438,57.9042,34.9271,109.564,125.666,111.911,142.78,81.5948,91.2
2019-08-19,267.644,58.2554,35.0682,109.265,123.874,111.485,141.11,82.1856,93.28
2019-08-20,265.595,58.0608,35.1406,109.574,125.142,111.633,142.21,81.6046,93.04
2019-08-21,267.751,58.4707,35.4748,109.515,124.306,111.515,141.76,81.9438,92.88
2019-08-22,267.664,58.3582,35.0152,109.225,123.493,111.426,141.4,82.3212,92.24
2019-08-23,260.792,57.6332,34.4949,109.673,125.515,112.059,144.17,81.1652,89.52
2019-08-26,263.661,58.1087,34.6809,109.623,125.002,111.94,144.19,81.7903,89.44
2019-08-27,262.638,58.0608,34.7412,109.982,126.95,112.475,145.57,81.5584,91.36
2019-08-28,264.477,58.0608,34.8392,109.992,127.124,112.683,145.16,81.8277,93.12
2019-08-29,267.874,58.5636,35.2276,109.923,126.623,112.753,144.12,82.4647,94.24
2019-08-30,267.751,58.7955,35.5006,110.022,126.659,112.327,143.75,82.5247,91.68
2019-09-03,266.172,58.684,35.2808,109.992,126.835,112.188,145.75,83.3475,89.76
2019-09-04,269.192,59.5126,35.8723,110.191,127.023,112.475,146.66,84.0464,93.68
2019-09-05,272.66,59.8286,36.2789,109.703,124.701,111.96,143.14,83.4369,93.6
2019-09-06,272.859,60.0243,36.4374,109.823,125.596,112.049,141.92,83.6267,94.16
2019-09-09,272.996,60.2004,36.5528,109.345,123.363,111.475,141.39,83.2236,96.64
2019-09-10,272.937,60.3031,36.5785,108.767,121.218,110.851,140.18,82.3644,95.84
2019-09-11,274.9,60.6367,36.8357,108.787,121.0,110.732,141.03,82.4568,93.44
2019-09-12,275.836,60.9918,37.0995,108.608,120.205,110.643,141.32,82.8923,91.76
2019-09-13,275.646,61.3362,37.3128,107.951,117.631,109.99,140.15,82.0057,91.52
2019-09-16,274.813,60.7864,37.0218,108.239,119.128,110.653,141.32,82.7213,102.64
2019-09-17,275.484,60.9918,37.0218,108.409,119.77,110.792,141.6,83.6188,98.32
2019-09-18,275.656,60.9175,36.8696,108.539,120.284,110.445,140.71,83.3298,96.8
2019-09-19,275.636,61.1219,36.7204,108.697,120.654,110.673,141.28,83.6267,97.52
2019-09-20,274.344,60.982,36.7552,109.086,122.24,111.267,142.95,83.6267,97.6
2019-09-23,274.277,60.8245,36.7918,109.135,122.213,111.426,143.75,83.7604,97.68
2019-09-24,272.115,60.5917,36.4025,109.435,123.683,111.673,144.51,83.5707,95.2
2019-09-25,273.733,60.4146,36.3769,108.987,121.879,111.099,141.83,83.7338,94.4
2019-09-26,273.158,60.6367,36.3678,109.165,122.666,111.158,141.79,84.4377,94.4
2019-09-27,271.704,60.4322,35.8998,109.295,122.968,110.99,141.06,83.9678,93.28
2019-09-30,272.947,60.6563,36.1022,109.325,123.275,111.089,138.87,84.1123,90.72
2019-10-01,269.712,60.0614,35.8466,109.534,123.625,111.297,139.63,83.316,89.52
2019-10-02,264.945,58.8336,35.5728,109.613,123.932,111.297,141.26,82.9661,87.84
2019-10-03,267.118,59.224,36.0308,110.052,125.058,111.653,141.9,83.7702,87.44
2019-10-04,270.716,59.6887,36.192,110.231,125.994,112.0,141.9,84.2744,88.32
2019-10-07,269.558,59.6153,35.8907,109.923,124.939,111.693,140.69,84.0936,88.32
2019-10-08,265.386,59.0567,35.6332,109.962,125.276,111.584,141.92,83.6513,87.12
2019-10-09,267.893,59.4842,35.909,109.903,124.565,111.356,142.05,83.8134,87.92
2019-10-10,269.712,59.9039,36.2789,109.515,122.727,111.01,140.81,83.9501,89.52
2019-10-11,272.497,60.9732,36.8614,109.155,121.218,110.673,140.03,83.9137,91.36
2019-10-14,272.183,60.7218,36.703,109.335,122.084,110.851,140.59,83.9501,89.44
2019-10-15,274.909,61.4282,37.0298,108.987,120.609,110.475,139.61,84.0572,88.48
2019-10-16,274.459,61.5221,37.1361,109.175,120.76,110.653,140.41,84.0671,89.12
2019-10-17,275.245,61.6708,37.2763,109.145,120.462,110.802,140.61,84.6175,90.24
2019-10-18,274.057,61.6414,37.0821,109.225,120.462,110.98,140.46,85.2664,89.76
2019-10-21,275.905,61.978,37.4192,108.927,119.555,110.623,139.79,85.9162,89.68
2019-10-22,275.004,61.8283,37.4458,109.086,120.256,110.96,140.2,85.6635,90.72
2019-10-23,275.809,62.1629,37.4539,109.175,120.373,111.029,140.53,85.8532,93.2
2019-10-24,276.257,62.2744,37.4539,109.205,120.133,111.099,141.53,85.636,93.84
2019-10-25,277.379,62.34,37.7187,109.047,119.545,111.109,141.86,84.9056,94.64
2019-10-28,278.958,62.6198,37.9393,108.817,118.455,110.584,140.64,84.3915,93.2
2019-10-29,278.87,62.6002,37.746,108.827,118.534,110.307,140.25,84.9056,92.64
2019-10-30,279.733,62.8604,37.9127,109.135,120.275,110.722,141.02,85.2123,91.76
2019-10-31,278.985,62.7117,37.6132,109.564,121.898,111.059,142.43,85.0599,90.4
2019-11-01,281.57,63.2694,38.1774,109.593,121.545,111.218,142.56,85.0412,93.52
2019-11-04,282.701,63.5961,38.5584,109.315,119.924,111.138,142.15,84.4465,94.48
2019-11-05,282.394,63.4758,38.7783,108.917,118.57,110.94,139.85,83.0103,95.44
2019-11-06,282.461,63.4465,38.6555,109.076,119.287,111.277,140.45,83.1922,94.48
2019-11-07,283.446,63.6411,38.9366,108.568,117.116,110.673,138.27,82.3625,95.04
2019-11-08,284.146,63.6049,38.5831,108.509,116.629,110.604,137.39,82.1649,95.92
2019-11-11,283.609,63.5198,38.3102,108.529,116.688,110.663,137.06,82.3438,95.12
2019-11-12,284.2,63.5492,38.063,108.648,117.24,110.643,137.43,81.7216,94.96
2019-11-13,284.297,63.3261,37.7726,108.837,118.007,110.732,137.98,82.4717,95.68
2019-11-14,284.689,63.149,37.7982,109.145,119.223,110.99,138.56,83.1105,95.28
2019-11-15,286.749,63.5492,38.0987,109.086,119.091,110.861,138.21,83.5618,96.64
2019-11-18,286.968,63.6235,38.0373,109.285,119.314,111.079,138.62,83.9678,95.2
2019-11-19,286.882,63.5394,38.1151,109.365,120.308,111.267,138.69,84.1123,92.56
2019-11-20,285.838,63.1393,37.9485,109.633,121.582,111.703,138.76,84.0671,95.2
2019-11-21,285.36,63.0551,37.8688,109.475,120.804,111.455,138.0,82.8855,97.6
2019-11-22,286.011,63.2322,37.8688,109.534,120.962,111.485,137.74,82.5798,96.88
2019-11-25,288.222,63.7351,38.2488,109.643,121.326,111.614,137.08,82.8393,96.88
2019-11-26,288.872,63.6979,38.1335,109.803,122.011,111.861,137.74,83.9403,97.52
2019-11-27,290.175,63.8652,38.1774,109.663,121.687,111.633,137.01,84.3393,97.12
2019-11-29,289.074,63.42,37.5777,109.525,121.421,111.376,137.86,83.9501,92.96
2019-12-02,286.633,63.0933,37.5683,109.405,119.78,111.218,137.79,82.679,93.36
2019-12-03,284.689,62.8604,37.3742,109.913,122.295,111.911,139.11,83.2109,94.08
2019-12-04,286.471,63.4367,37.6573,109.723,121.088,111.832,138.92,83.553,97.52
2019-12-05,286.968,63.3173,37.8239,109.593,120.488,111.663,139.0,83.5982,97.52
2019-12-06,289.59,63.8945,38.0455,109.435,119.815,111.584,137.62,83.7702,98.56
2019-12-09,288.692,63.558,37.8945,109.495,120.078,111.614,137.58,83.9315,98.64
2019-12-10,288.366,63.5864,38.0281,109.455,120.087,111.584,137.97,83.4428,99.12
2019-12-11,289.178,63.9209,38.5831,109.753,121.043,111.98,138.92,82.5964,98.4
2019-12-12,291.678,64.3494,39.2562,109.275,119.033,111.435,138.43,81.4778,98.96
2019-12-13,291.86,64.7956,39.238,109.723,120.418,111.891,139.05,81.4974,99.92
2019-12-16,293.849,65.4872,39.3305,109.495,119.331,111.624,139.04,82.0824,100.72
2019-12-17,293.916,65.1116,39.6885,109.505,119.16,111.782,139.01,81.3058,101.76
2019-12-18,293.936,65.0264,39.9039,109.285,118.182,111.653,139.02,82.2986,101.92
2019-12-19,295.152,65.0264,39.9221,109.405,118.372,111.841,139.38,83.027,102.24
2019-12-20,296.435,65.0734,40.0018,109.425,118.526,111.782,139.52,83.4821,101.04
2019-12-23,296.894,65.1781,40.0568,109.345,118.362,111.584,139.95,83.0643,101.6
2019-12-24,296.904,65.1116,39.9678,109.485,118.69,111.723,141.27,83.2816,102.16
2019-12-26,298.482,65.3943,40.2535,109.584,118.98,111.802,142.38,83.6463,103.12
2019-12-27,298.405,65.5068,40.4156,109.733,119.109,111.841,142.33,83.9118,103.28
2019-12-30,296.759,65.0167,40.1466,109.733,118.68,111.881,142.63,83.9924,103.12
2019-12-31,297.478,65.318,40.2361,109.475,117.512,111.762,142.9,84.596,102.48
2020-01-02,300.272,65.9774,41.0513,109.783,118.845,112.307,143.95,83.6021,102.48
2020-01-03,297.994,65.1585,40.2894,110.111,120.677,112.822,145.86,84.1211,105.44
2020-01-06,299.123,65.4139,40.1912,110.022,119.991,112.545,147.39,84.2214,105.28
2020-01-07,298.29,65.2339,40.1638,109.903,119.4,112.188,147.97,83.2816,105.04
2020-01-08,299.871,65.4207,40.3982,109.773,118.605,112.079,146.86,83.5382,101.28
2020-01-09,301.899,65.5724,40.6666,109.893,119.024,112.069,146.03,83.492,99.92
2020-01-10,301.039,65.3278,40.8809,110.082,120.087,112.416,146.91,84.131,99.28
2020-01-13,303.113,65.6663,41.5183,110.012,119.726,112.396,145.82,85.1415,97.6
2020-01-14,302.645,65.7318,41.2848,110.111,120.335,112.554,145.69,84.824,98.24
2020-01-15,303.344,65.7318,40.9615,110.281,121.149,112.624,146.54,85.5888,97.44
2020-01-16,305.852,66.0048,41.2214,110.281,120.76,112.455,146.31,86.272,98.32
2020-01-17,306.8,66.2024,41.4552,110.151,119.726,112.267,146.58,86.3546,98.64
2020-01-21,306.207,65.6761,40.4065,110.47,120.99,112.624,146.74,87.1754,97.92
2020-01-22,306.243,65.8081,40.739,110.53,121.421,112.564,146.79,86.5914,95.2
2020-01-23,306.609,65.6477,40.3168,110.649,122.259,112.782,147.12,87.3208,93.28
2020-01-24,303.851,65.3659,39.9925,110.828,123.248,113.04,147.98,87.0211,91.44
2020-01-27,298.988,64.0109,38.6125,111.177,125.152,113.297,148.99,86.6013,88.8
2020-01-28,302.119,64.6136,38.9357,111.078,124.174,113.129,147.66,86.9473,90.0
2020-01-29,301.87,64.6224,39.1244,111.326,125.391,113.535,148.46,86.6288,89.28
2020-01-30,302.865,64.5657,38.541,111.336,125.41,113.664,148.47,86.6927,88.64
2020-01-31,297.351,63.4758,37.7617,111.675,126.556,114.159,149.33,85.634,86.72
2020-02-03,299.553,63.6255,38.182,111.884,126.456,113.891,148.36,85.9171,83.92
2020-02-04,304.128,64.6889,39.1692,111.506,124.75,113.396,146.43,86.8019,83.52
2020-02-05,307.653,65.3102,39.3918,111.336,123.381,113.059,146.61,86.8559,85.6
2020-02-06,308.685,65.4872,39.4285,111.406,123.932,113.267,147.4,87.1498,85.92
2020-02-07,307.03,64.867,38.8825,111.734,125.48,113.733,147.79,87.1302,84.64
2020-02-10,309.347,64.9981,39.0978,111.864,125.829,113.911,148.17,88.1063,83.36
2020-02-11,309.863,65.4403,39.6079,111.724,125.198,113.565,147.66,88.7698,84.0
2020-02-12,311.872,65.6663,40.1466,111.606,124.565,113.456,147.54,89.3007,86.48
2020-02-13,311.537,65.2055,39.6171,111.684,125.04,113.693,148.38,89.8364,86.72
2020-02-14,312.045,65.093,39.6344,111.804,125.587,113.782,149.0,90.7673,87.6
2020-02-18,311.231,64.6791,39.3734,111.954,126.456,114.04,150.91,90.6671,87.6
2020-02-19,312.697,64.8963,39.662,111.924,126.447,113.99,151.79,89.4461,89.44
2020-02-20,311.432,64.5089,39.0437,112.173,127.45,114.198,152.41,90.5118,90.24
2020-02-21,308.206,64.2086,38.8195,112.402,128.633,114.406,154.7,90.7762,89.28
2020-02-24,298.003,61.6395,37.3661,112.77,130.534,114.941,156.09,89.5366,85.92
2020-02-25,288.969,60.624,37.0701,112.97,131.24,114.743,153.3,87.1115,83.2
2020-02-26,287.906,60.6993,37.3661,112.85,130.534,114.684,153.97,86.1717,81.52
2020-02-27,274.985,58.9041,36.4685,112.87,131.963,115.02,154.0,81.586,78.24
2020-02-28,273.828,58.546,36.3349,113.697,134.934,115.198,148.38,79.6179,75.6
2020-03-02,285.687,59.2983,37.1242,113.437,133.961,115.476,149.2,83.0172,79.36
2020-03-03,277.494,58.819,36.8725,114.205,136.035,116.654,153.89,82.8265,79.12
2020-03-04,289.159,60.578,37.5271,114.115,134.58,116.476,154.16,85.9544,78.88
2020-03-05,279.56,58.9696,36.7378,114.473,137.934,116.842,157.49,84.1123,76.88
2020-03-06,274.939,58.0852,35.9859,115.319,145.121,117.605,157.55,82.6623,69.84
2020-03-09,253.442,53.579,33.5278,115.17,149.052,115.189,157.81,76.2894,52.16
2020-03-10,266.562,55.5543,35.2321,113.855,141.403,111.891,154.48,79.5117,57.92
2020-03-11,253.565,52.724,33.591,112.222,136.207,109.366,153.93,74.7343,55.52
2020-03-12,229.321,46.9294,30.2282,107.752,137.056,109.098,147.79,67.164,52.32
2020-03-13,248.923,49.7694,32.4078,109.445,133.961,109.534,143.28,73.0248,55.68
2020-03-16,221.675,44.6342,28.3636,111.247,142.634,108.762,141.64,60.0813,48.4
2020-03-17,233.657,46.8071,30.3189,108.399,133.121,105.712,143.56,63.5524,45.68
2020-03-18,221.817,44.1265,27.6995,104.267,125.596,104.424,140.7,57.5078,37.68
2020-03-19,222.297,44.8123,27.9148,106.586,129.024,106.464,138.04,57.7103,42.96
2020-03-20,212.706,44.2575,28.1209,107.662,138.731,111.198,140.11,54.8339,39.52
2020-03-23,207.27,43.74,27.4479,110.221,144.449,113.297,146.3,52.2899,39.04
2020-03-24,226.049,47.4469,29.5111,111.088,141.758,113.366,153.4,56.9927,39.84
2020-03-25,229.446,48.9887,30.5506,112.232,141.429,114.456,151.3,60.0617,40.64
2020-03-26,242.837,51.1802,31.7092,112.581,142.131,115.04,153.24,64.2975,38.64
2020-03-27,235.601,49.7225,29.906,113.069,145.924,115.416,152.25,64.3624,35.76
2020-03-30,243.268,50.7292,30.3977,113.179,144.724,113.584,152.92,65.7681,33.84
2020-03-31,239.64,50.287,30.6046,112.87,143.547,113.188,148.05,64.1776,33.68
2020-04-01,228.856,48.0564,29.295,112.482,145.562,113.881,149.45,59.9594,35.04
2020-04-02,234.128,48.9985,30.2832,112.651,146.489,115.604,151.9,60.1629,40.88
2020-04-03,230.748,47.8793,29.708,112.73,146.823,116.644,152.65,59.29,47.2
2020-04-06,246.252,50.4191,31.3318,113.288,146.454,116.565,156.88,63.6821,43.84
2020-04-07,246.491,50.7008,31.4929,113.447,144.919,116.486,156.04,64.269,40.72
2020-04-08,254.781,51.1146,31.8152,113.537,143.865,115.674,154.65,68.6532,42.96
2020-04-09,258.638,52.271,31.6999,114.971,144.134,116.832,158.69,72.5009,39.84
2020-04-13,256.283,51.7731,31.7448,114.423,142.818,117.05,161.41,69.4515,39.44
2020-04-14,263.836,52.6946,32.47,114.483,142.783,117.367,162.68,71.3998,37.28
2020-04-15,258.244,51.0481,31.6357,114.961,146.557,117.496,161.85,68.5688,35.44
2020-04-16,259.48,51.0765,31.8062,115.111,148.215,116.496,161.71,67.7892,34.88
2020-04-17,266.478,52.4315,32.5149,114.971,146.233,115.921,158.57,69.9292,33.68
2020-04-20,261.785,51.6508,32.102,114.801,147.394,115.575,159.7,67.3302,30.0
2020-04-21,253.844,50.645,31.2146,114.861,149.275,116.159,158.61,66.1082,22.48
2020-04-22,259.48,51.5001,32.0654,114.861,147.732,116.872,161.73,67.1178,20.08
2020-04-23,259.461,51.3406,31.9499,115.14,148.524,116.803,163.34,66.5574,21.12
2020-04-24,263.086,51.9335,31.9041,115.081,148.879,117.446,162.64,66.8426,20.56
2020-04-27,266.867,52.6193,32.5508,114.543,146.1,117.219,161.56,69.1301,17.52
2020-04-28,265.644,53.0146,32.6138,115.001,147.776,117.625,160.84,69.6992,17.04
2020-04-29,272.602,54.3402,33.5637,115.081,147.0,117.476,161.73,70.7471,18.0
2020-04-30,270.067,53.2122,32.8556,114.821,145.306,116.624,158.8,69.9292,19.12
2020-05-01,262.917,52.0548,31.6724,114.593,146.546,116.327,159.78,67.568,18.86
2020-05-04,263.631,52.0372,32.0122,114.692,145.856,116.446,160.34,67.2397,19.67
2020-05-05,266.076,52.1311,32.1926,114.603,144.922,116.585,161.02,67.568,21.51
2020-05-06,264.265,51.7926,32.0927,114.135,142.587,116.001,158.95,66.3559,20.85
2020-05-07,267.463,52.5723,32.3538,114.493,144.963,116.743,161.39,67.3016,20.47
2020-05-08,271.875,53.4665,33.0352,114.185,143.084,116.704,160.42,68.9,21.47
2020-05-11,271.933,53.4186,32.8208,113.835,141.968,116.298,159.42,67.8973,21.17
2020-05-12,266.506,52.7426,32.6937,114.135,143.426,116.407,160.04,64.8107,20.97
2020-05-13,261.795,52.3376,32.6322,114.323,144.435,116.516,161.58,63.2398,20.6
2020-05-14,264.945,51.8396,32.7576,114.683,145.839,116.654,163.01,63.462,21.45
2020-05-15,266.162,51.8865,32.3089,114.752,145.465,116.852,163.93,63.2133,22.39
2020-05-18,274.267,53.9831,33.5728,114.583,142.271,116.842,162.69,66.9517,24.31
2020-05-19,271.454,53.2415,33.3036,114.712,142.809,116.704,164.26,66.0522,24.44
2020-05-20,276.056,54.35,33.743,115.011,143.234,117.05,164.65,66.641,25.34
2020-05-21,274.153,53.7209,33.3575,115.101,143.584,116.931,162.25,66.6951,26.6
2020-05-22,274.679,53.5693,32.6679,115.16,144.461,117.001,163.21,67.5975,25.57
2020-05-26,278.05,55.1033,33.385,114.971,142.518,116.565,160.89,70.1239,25.66
2020-05-27,282.192,55.7695,33.4912,115.14,142.261,116.674,161.18,71.5198,25.0
2020-05-28,281.666,56.2978,33.2605,115.061,141.728,117.05,161.72,71.8589,25.03
2020-05-29,282.93,56.1012,33.8328,115.369,142.746,117.07,162.91,71.1413,25.88
2020-06-01,284.078,57.3505,34.6141,115.299,141.782,117.219,163.66,72.7869,26.22
2020-06-02,286.432,57.8876,35.4382,115.399,141.263,116.981,162.6,73.3767,27.07
2020-06-03,290.251,59.269,36.2635,115.111,139.386,116.595,159.6,75.7261,27.12
2020-06-04,289.466,59.0166,35.7532,114.762,137.371,116.139,161.28,74.9751,27.5
2020-06-05,296.894,60.0321,36.6938,114.831,136.394,116.129,158.01,77.8131,28.87
2020-06-08,300.493,60.8128,36.9172,114.961,136.915,116.387,159.72,79.7427,28.37
2020-06-09,298.244,60.0233,36.6665,115.111,138.47,116.506,161.26,78.4196,28.42
2020-06-10,296.568,59.8912,36.9355,115.588,140.521,117.377,163.57,76.427,28.43
2020-06-11,279.485,56.6843,35.0069,115.389,143.176,117.417,162.39,71.5198,26.36
2020-06-12,282.822,57.6616,35.7532,115.509,141.801,117.1,162.62,74.0835,26.43
2020-06-15,285.467,57.8984,35.4273,115.887,141.883,117.149,162.33,75.1304,26.98
2020-06-16,290.95,58.6145,35.6536,115.668,139.689,117.09,162.25,76.6099,27.64
2020-06-17,289.753,58.8327,35.9969,115.568,140.273,117.04,162.56,75.4981,27.28
2020-06-18,289.868,58.5186,36.0144,115.688,141.763,117.545,162.24,74.6714,27.89
2020-06-19,288.212,58.231,36.0051,115.728,141.883,117.783,164.03,73.5861,28.23
2020-06-22,290.068,58.9285,36.4466,115.698,141.902,118.09,165.09,73.5133,28.98
2020-06-23,291.391,59.2524,36.7991,115.678,140.915,118.159,166.48,73.2096,28.72
2020-06-24,283.962,57.735,36.311,115.658,142.438,117.991,165.9,71.1256,27.25
2020-06-25,287.004,58.5558,36.4639,115.798,142.851,118.1,165.8,72.0339,27.94
2020-06-26,280.181,57.7066,36.0234,115.927,144.378,118.298,166.54,70.6508,27.36
2020-06-29,284.307,58.1752,36.1864,116.026,143.922,118.427,166.63,72.0152,28.27
2020-06-30,287.954,58.0696,36.0684,116.126,143.224,118.249,167.37,72.8685,28.06
2020-07-01,289.974,58.2887,36.4732,116.186,142.95,118.318,166.62,74.5485,28.35
2020-07-02,291.562,58.9285,37.3038,116.316,143.094,118.635,166.98,74.3351,28.75
2020-07-06,296.072,59.8922,38.9101,116.306,142.51,118.872,167.98,74.2968,28.96
2020-07-07,293.019,59.0146,38.2599,116.474,144.511,118.902,169.04,72.8223,28.79
2020-07-08,295.247,59.5106,39.2526,116.444,143.931,118.684,170.09,72.72,29.18
2020-07-09,293.562,58.8327,39.2526,116.744,146.219,119.001,169.63,72.2659,28.41
2020-07-10,296.558,59.4627,38.9998,116.604,145.483,118.872,169.19,72.488,29.03
2020-07-13,293.994,59.0812,38.7377,116.594,145.961,119.13,169.4,71.624,28.5
2020-07-14,297.82,59.9489,38.792,116.784,146.176,119.15,170.19,72.2285,28.88
2020-07-15,300.559,60.625,38.9101,116.794,145.49,119.08,170.34,72.9334,29.29
2020-07-16,299.544,60.2346,38.3587,116.872,146.186,119.328,168.73,72.0634,29.16
2020-07-17,300.435,60.5888,38.5758,116.992,145.874,119.556,170.12,73.0002,29.1
2020-07-20,302.855,60.8842,39.0722,117.112,146.237,119.714,170.94,72.1263,29.12
2020-07-21,303.507,61.0085,39.4322,117.182,146.324,119.972,173.0,72.3032,29.72
2020-07-22,305.231,61.1699,39.2609,117.281,146.766,119.972,175.63,73.4081,29.75
2020-07-23,301.572,60.6837,38.9448,117.42,148.48,120.031,177.18,73.1005,29.41
2020-07-24,299.631,60.3491,38.9101,117.38,148.47,120.001,178.7,72.5628,29.44
2020-07-27,301.821,61.1405,39.5136,117.301,147.919,120.001,182.23,73.2489,29.72
2020-07-28,299.907,60.7502,39.1895,117.38,148.947,120.209,183.75,74.7058,29.35
2020-07-29,303.612,61.39,39.8194,117.52,148.693,120.496,185.13,76.1527,29.57
2020-07-30,302.52,60.4831,39.3149,117.61,149.679,120.625,183.76,75.6622,28.93
2020-07-31,304.904,59.1946,39.0446,117.66,149.585,120.982,185.43,75.5216,29.07
2020-08-03,307.02,60.3491,39.3149,117.709,148.825,121.15,185.64,74.52,29.34
2020-08-04,308.206,60.6837,39.8377,117.928,150.242,121.427,189.59,75.6337,29.78
2020-08-05,310.121,60.8842,40.2711,117.709,148.929,121.477,191.35,75.2533,30.23
2020-08-06,312.217,60.9507,40.3982,117.869,149.766,121.606,193.89,75.3733,30.18
2020-08-07,312.437,60.7022,39.5669,117.739,148.763,121.289,190.81,76.4486,29.85
2020-08-10,313.355,60.9038,39.6665,117.63,148.091,121.14,190.15,76.5706,30.16
2020-08-11,310.761,61.1229,39.5584,117.301,146.324,120.863,179.94,75.4676,29.82
2020-08-12,315.098,62.4779,40.0905,117.062,144.991,120.942,179.1,76.2285,30.56
2020-08-13,314.551,62.2001,39.9742,116.634,143.451,120.635,183.33,75.2916,30.4
2020-08-14,314.561,61.8195,39.9009,116.524,142.897,120.427,182.54,75.3004,30.33
2020-08-17,315.537,62.2862,40.4065,116.684,143.25,120.694,186.5,75.9119,30.77
2020-08-18,316.226,62.248,40.3617,116.852,144.277,121.239,188.18,75.5501,30.6
2020-08-19,314.904,61.9721,39.8652,116.674,143.378,120.863,182.24,74.2241,30.66
2020-08-20,315.882,61.7706,39.739,116.882,144.662,120.754,183.5,74.9279,30.52
2020-08-21,317.012,61.4565,39.9376,117.002,145.529,121.17,182.03,75.0479,30.18
2020-08-24,320.227,62.2676,40.3798,116.952,145.291,121.417,181.0,75.5314,30.35
2020-08-25,321.347,62.3057,40.7847,116.704,144.188,121.378,181.22,75.7251,30.92
2020-08-26,324.554,62.6677,40.8928,116.684,143.631,121.606,183.36,75.0302,30.93
2020-08-27,325.271,62.0289,40.5512,116.286,141.191,121.13,181.24,76.1341,30.67
2020-08-28,327.377,62.4681,41.0825,116.444,141.085,121.516,184.39,76.6364,30.72
2020-08-31,326.189,61.9907,40.1721,116.694,142.03,122.071,184.83,75.8549,30.58
2020-09-01,329.264,62.0562,40.8571,116.744,143.653,122.13,185.05,75.9119,30.61
2020-09-02,334.01,62.8878,40.749,116.982,145.016,122.18,182.62,77.3235,29.86
2020-09-03,322.524,61.4663,39.9742,117.002,145.418,121.754,181.14,76.3946,29.64
2020-09-04,319.892,61.5524,39.9908,116.434,142.67,121.388,181.64,75.9955,28.51
2020-09-08,311.154,60.7981,39.2965,116.554,143.545,121.497,181.29,75.0675,26.75
2020-09-09,317.299,61.933,39.8837,116.544,143.162,121.556,183.05,75.8106,27.41
2020-09-10,311.796,61.208,39.2434,116.554,143.88,121.665,182.46,74.8817,26.79
2020-09-11,311.957,61.8195,39.6217,116.694,144.192,121.596,182.45,74.4649,27.04
2020-09-14,316.057,62.1521,40.2617,116.704,144.182,121.526,183.89,76.2825,26.94
2020-09-15,317.663,62.5532,40.6868,116.714,143.827,121.606,183.45,77.2016,27.52
2020-09-16,316.391,62.5532,40.6319,116.654,143.403,121.606,183.97,77.6106,28.7
2020-09-17,313.605,62.6384,40.4697,116.684,143.835,121.675,182.96,76.0977,29.23
2020-09-18,309.996,62.1326,40.1547,116.544,143.395,121.566,183.2,74.3813,29.06
2020-09-21,306.56,60.5594,39.7838,116.564,144.12,121.358,179.52,72.144,28.29
2020-09-22,309.671,60.5408,39.4861,116.654,144.004,121.398,178.65,73.0091,28.17
2020-09-23,302.493,60.035,38.8735,116.414,144.201,121.269,174.79,70.81,28.03
2020-09-24,303.307,59.9783,38.693,116.424,144.758,121.358,175.44,71.1895,28.5
2020-09-25,308.196,60.1779,38.7287,116.454,144.758,121.516,174.94,72.6581,28.35
2020-09-28,313.317,61.0838,39.1619,116.554,144.34,121.764,176.7,74.1435,28.69
2020-09-29,311.622,61.0182,39.1353,116.574,144.507,121.972,178.19,73.6116,27.7
2020-09-30,313.977,60.7218,39.7663,116.395,143.13,121.596,177.12,73.8358,28.29
2020-10-01,315.988,61.075,40.1363,116.544,143.362,121.576,178.7,75.3132,27.51
2020-10-02,312.984,60.9507,39.6758,116.434,142.827,121.596,178.54,76.6138,26.35
2020-10-05,318.545,61.8762,40.2079,116.056,140.031,121.239,179.41,77.0522,27.93
2020-10-06,314.017,61.2178,40.28,116.156,140.796,121.259,177.3,76.5479,28.39
2020-10-07,319.472,61.7422,40.7225,116.076,139.758,121.249,177.22,76.658,28.39
2020-10-08,322.303,62.1717,41.0549,116.226,140.52,121.724,177.85,77.9408,29.14
2020-10-09,325.186,62.6579,41.3351,116.256,140.493,121.764,181.08,77.6312,28.69
2020-10-12,330.419,63.0209,41.6961,116.474,140.935,121.843,180.56,77.9969,28.07
2020-10-13,328.258,62.3155,41.5248,116.504,141.951,121.843,177.72,76.658,28.46
2020-10-14,326.199,62.2098,41.2444,116.574,142.281,121.843,178.27,75.7232,28.98
2020-10-15,325.808,61.4761,40.9477,116.474,142.032,121.804,178.92,76.1174,28.94
2020-10-16,325.607,61.7618,41.0915,116.424,141.639,121.853,178.3,75.5748,28.72
2020-10-19,320.659,61.5328,40.9743,116.286,141.093,121.556,178.39,74.3961,28.59
2020-10-20,321.933,61.8381,41.4258,116.186,139.749,121.457,179.25,74.9289,29.05
2020-10-21,321.329,61.5426,41.5431,116.046,139.275,121.427,180.6,74.7058,28.1
2020-10-22,323.098,61.5896,41.534,115.847,137.816,121.239,178.83,74.6959,28.51
2020-10-23,324.181,61.9907,41.7774,116.006,138.663,121.388,178.64,75.1461,27.88
2020-10-26,318.198,60.8744,41.2363,116.166,139.953,121.477,178.55,74.0698,27.11
2020-10-27,317.096,60.398,41.4166,116.434,140.896,121.714,179.02,72.8812,27.69
2020-10-28,306.263,58.5949,40.3798,116.266,141.026,121.556,176.13,71.1413,26.31
2020-10-29,309.384,58.8708,40.7847,116.056,139.66,121.15,175.4,72.0959,25.6
2020-10-30,306.149,58.5656,40.326,115.748,138.272,120.784,176.2,71.619,25.25
2020-11-02,309.586,59.3287,40.8389,115.768,139.316,120.912,177.91,73.3295,26.26
2020-11-03,315.042,60.8842,41.0201,115.718,138.5,120.823,178.92,74.7421,26.72
2020-11-04,322.074,61.5524,42.3087,116.474,141.512,121.021,178.82,74.8739,27.44
2020-11-05,328.363,63.0297,43.0313,116.584,141.759,121.12,182.93,75.2277,27.16
2020-11-06,328.287,63.1637,43.2299,116.335,140.042,120.566,183.19,74.7146,26.47
2020-11-09,332.43,65.0049,43.5276,115.798,137.104,120.209,175.08,77.3609,28.07
2020-11-10,331.935,65.587,43.0313,115.608,136.305,120.328,175.66,78.4924,28.91
2020-11-11,334.392,66.1398,43.3114,115.678,136.8,120.546,174.9,78.7912,29.04
2020-11-12,331.147,65.1771,42.9854,116.156,139.131,120.883,175.96,77.763,28.66
2020-11-13,335.743,66.1789,43.5908,116.176,138.947,120.873,177.16,79.8401,28.13
2020-11-16,339.916,66.8657,44.1312,116.166,138.611,120.714,177.15,80.7366,28.81
2020-11-17,338.105,66.7992,44.0862,116.405,139.522,120.912,176.5,80.8112,28.87
2020-11-18,334.019,66.445,43.9333,116.474,139.919,120.952,175.49,79.2405,29.0
2020-11-19,335.447,66.9136,44.0047,116.694,140.647,121.081,175.16,79.5491,29.09
2020-11-20,333.15,67.1132,44.2484,116.814,141.896,121.358,175.69,79.1185,29.27
2020-11-23,335.14,67.0271,44.3664,116.784,141.239,121.259,172.23,79.268,29.52
2020-11-24,340.539,68.0289,44.9618,116.624,139.841,121.299,169.59,79.6887,30.8
2020-11-25,340.001,67.9428,44.7089,116.584,139.403,121.497,169.51,79.7359,31.37
2020-11-27,340.969,68.4105,45.133,116.784,140.763,121.794,167.79,79.381,31.22
2020-11-30,339.437,66.9215,43.9507,116.942,140.581,121.932,166.67,78.5484,30.97
2020-12-01,343.16,68.4966,44.8171,116.375,138.5,121.526,170.18,79.5589,30.62
2020-12-02,343.888,68.5064,44.8802,116.246,137.403,121.606,171.46,78.9317,30.97
2020-12-03,343.792,68.6208,45.3939,116.444,138.51,121.952,172.81,79.5953,31.25
2020-12-04,346.759,69.2039,45.8629,116.126,136.482,121.685,172.32,80.8112,31.56
2020-12-07,346.031,68.6394,45.8629,116.306,137.714,122.012,174.89,80.1095,31.4
2020-12-08,347.055,68.8781,45.8802,116.316,138.362,122.21,175.5,79.8303,31.41
2020-12-09,343.945,68.974,45.4838,116.146,137.905,122.061,172.5,79.3339,31.34
2020-12-10,343.83,69.0689,46.0708,116.434,139.132,122.338,172.17,78.9868,32.11
2020-12-11,343.427,68.8586,45.7457,116.554,139.626,122.328,172.49,78.9151,31.94
2020-12-14,341.897,68.8977,45.5085,116.484,139.239,122.328,171.54,78.5671,32.17
2020-12-15,346.512,69.6011,46.0013,116.554,138.768,122.556,173.94,80.1752,32.54
2020-12-16,347.055,69.8701,46.2201,116.504,138.397,122.546,174.9,80.2696,32.74
2020-12-17,348.988,70.3613,46.5204,116.504,138.026,122.616,176.74,81.0442,33.16
2020-12-18,347.6,69.9954,46.4663,116.454,137.611,122.556,176.44,79.4173,33.48
2020-12-21,346.356,69.1002,45.7823,116.454,138.154,122.536,175.88,78.9681,32.64
2020-12-22,345.763,68.9261,45.4178,116.614,138.875,122.655,174.49,79.5206,32.09
2020-12-23,346.08,69.6686,45.8822,116.534,137.914,122.715,175.65,79.0065,32.75
2020-12-24,347.439,69.698,45.6816,116.644,138.458,122.764,176.35,79.6995,32.92
2020-12-28,350.414,70.2654,45.8097,116.664,138.518,122.843,175.71,80.1752,32.59
2020-12-29,349.754,70.7184,46.493,116.684,138.346,122.794,176.35,79.4911,32.78
2020-12-30,350.243,70.8142,47.1132,116.754,138.641,122.883,177.7,79.9275,32.91
2020-12-31,352.023,70.2752,47.0857,116.843,138.849,123.121,178.36,80.6993,33.01
2021-01-04,347.236,70.6411,47.3859,116.694,138.68,123.259,182.33,78.0756,32.38
2021-01-05,349.63,71.3729,48.5253,116.574,137.648,123.22,182.87,78.1895,33.94
2021-01-06,351.715,72.1917,48.1158,116.006,134.831,122.873,179.9,78.3213,34.11
2021-01-07,356.943,72.269,48.571,115.887,133.645,122.804,179.48,78.17,34.53
2021-01-08,358.97,72.9431,49.8549,115.758,133.211,122.309,173.34,78.9308,35.43
2021-01-11,356.561,71.9902,49.1818,115.568,132.99,122.051,173.0,77.8848,35.26
2021-01-12,356.635,72.3169,49.6637,115.668,132.883,122.21,174.12,78.0657,35.9
2021-01-13,357.592,72.2201,49.7735,116.026,134.389,122.487,173.37,79.0163,35.8
2021-01-14,356.34,72.7983,50.2386,115.807,133.122,122.546,173.28,79.4822,36.24
2021-01-15,353.745,71.6624,49.5279,115.917,133.653,122.685,171.13,80.3935,35.34
2021-01-19,356.522,72.1819,50.3477,116.076,134.087,122.972,172.58,80.1664,35.75
2021-01-20,361.441,72.6731,51.2315,116.086,134.223,123.131,175.39,81.6951,35.79
2021-01-21,361.775,72.7308,51.322,115.917,133.273,123.428,175.28,81.3058,35.76
2021-01-22,360.502,72.3844,50.877,115.917,133.707,123.239,173.9,81.4964,35.23
2021-01-25,361.92,72.2974,51.2591,116.216,135.279,123.556,174.05,82.1138,35.59
2021-01-26,361.354,72.404,50.8863,116.176,135.019,123.378,173.62,82.6928,35.45
2021-01-27,352.531,70.7467,49.4732,116.186,135.367,123.339,172.52,81.231,35.5
2021-01-28,355.565,71.2007,49.8192,116.106,134.631,123.576,172.68,81.6665,35.25
2021-01-29,348.434,69.7263,48.5801,115.977,133.812,123.447,172.61,80.7258,35.18
2021-02-01,354.233,70.555,49.8916,115.897,133.971,123.18,174.23,82.5699,36.12
2021-02-02,359.249,71.2672,50.539,115.728,133.101,123.368,172.11,83.0643,36.82
2021-02-03,359.536,71.4404,50.7946,115.588,131.909,123.299,171.85,82.855,37.44
2021-02-04,363.624,71.5176,50.8129,115.539,131.555,123.21,168.15,83.4251,37.81
2021-02-05,365.046,71.9608,51.2496,115.389,130.463,123.18,169.81,83.72,38.19
2021-02-08,367.681,72.4617,51.3404,115.509,131.031,123.299,171.52,84.1752,38.94
2021-02-09,367.433,72.856,51.8881,115.558,131.124,123.368,172.08,84.4701,39.17
2021-02-10,367.267,72.6065,52.0704,115.668,131.998,123.467,172.71,84.9262,39.28
2021-02-11,367.872,73.0976,52.6254,115.529,131.267,123.329,171.21,85.1061,38.97
2021-02-12,369.69,73.5017,52.671,115.26,129.647,123.121,170.69,85.1258,39.94
2021-02-16,369.365,74.0319,52.7985,114.712,127.684,122.546,168.24,84.4701,40.45
2021-02-17,369.453,73.5985,52.8166,114.941,128.494,122.497,166.33,84.364,40.89
2021-02-18,367.881,73.2317,52.0887,114.881,127.977,121.982,166.32,84.0042,40.27
2021-02-19,367.223,73.444,52.4257,114.523,126.263,121.457,167.01,84.4898,39.68
2021-02-22,364.396,73.261,50.8863,114.165,125.299,121.447,169.51,85.1916,41.28
2021-02-23,364.847,73.3285,51.1124,114.195,124.94,121.477,169.12,85.7244,41.62
2021-02-24,368.878,73.5604,50.7854,114.155,124.12,121.388,169.0,86.3801,42.5
2021-02-25,359.985,72.3072,49.6287,113.099,122.105,119.892,165.82,84.7266,42.46
2021-02-26,358.13,71.2858,48.963,114.025,126.134,121.388,161.81,83.491,41.31
2021-03-01,366.809,72.6261,50.2744,113.776,124.462,120.972,161.53,83.8616,40.6
2021-03-02,363.948,72.5488,49.7825,113.796,124.47,121.467,162.41,83.0546,40.07
2021-03-03,359.125,72.1056,49.6819,113.378,123.129,121.16,160.62,82.5798,41.14
2021-03-04,354.683,71.4218,48.5253,113.049,122.344,120.694,159.04,81.64,43.07
2021-03-05,361.202,71.8835,49.0535,112.97,122.578,120.823,159.14,82.5316,44.44
2021-03-08,359.414,71.6341,47.7329,112.522,121.62,120.14,157.49,83.2453,43.5
2021-03-09,364.533,72.5967,48.7807,112.95,123.308,120.902,160.84,83.7957,43.11
2021-03-10,366.809,72.9049,48.5617,113.139,123.56,121.457,161.66,84.6313,43.74
2021-03-11,370.524,73.2894,50.0922,113.129,122.67,121.556,161.52,85.6183,44.6
2021-03-12,371.031,73.4733,49.2001,112.482,120.055,120.605,161.49,87.0544,44.35
2021-03-15,373.233,73.531,49.3183,112.601,120.759,120.962,162.2,88.3461,44.26
2021-03-16,372.774,73.6553,49.5279,112.561,120.28,121.219,162.35,87.9863,43.83
2021-03-17,374.045,74.0897,49.592,112.551,119.371,121.11,163.51,88.0621,43.82
2021-03-18,368.599,73.4156,48.6799,112.113,118.162,120.239,162.56,87.1685,40.47
2021-03-19,367.92,73.6181,49.2817,112.202,118.903,120.477,163.24,85.9801,41.77
2021-03-22,370.859,73.6846,49.136,112.422,120.237,121.061,163.0,86.5885,41.71
2021-03-23,367.938,72.6633,48.1965,112.71,121.321,121.318,161.81,86.4656,39.37
2021-03-24,366.063,72.2974,47.0946,112.85,121.975,121.625,162.37,85.9801,41.45
2021-03-25,368.131,72.8374,47.3136,112.79,121.009,121.536,161.78,86.8588,39.89
2021-03-26,374.055,73.7815,48.5436,112.601,120.582,121.566,162.24,88.7324,41.53
2021-03-29,373.874,73.4929,48.2055,112.412,119.561,121.249,160.31,88.2174,41.92
2021-03-30,372.879,73.396,48.3613,112.502,120.191,121.031,157.57,88.3314,41.17
2021-03-31,374.391,73.0781,48.6066,112.522,119.515,121.061,159.96,87.7957,40.53
2021-04-01,378.428,74.0319,49.0811,112.9,121.505,121.417,161.98,89.3921,41.84
2021-04-05,383.856,75.1101,49.2723,112.671,120.973,121.061,161.92,89.7372,40.28
2021-04-06,383.637,74.3108,49.5462,113.069,121.8,121.13,163.22,89.9662,40.7
2021-04-07,384.077,74.4653,48.8163,112.89,120.946,121.209,162.76,90.0331,40.86
2021-04-08,385.895,74.889,49.2185,113.169,121.951,121.477,164.51,89.6988,40.82
2021-04-09,388.699,75.1198,48.799,113.039,121.505,121.219,163.27,89.5936,40.64
2021-04-12,388.843,74.706,48.507,113.009,121.452,121.239,162.28,90.1185,40.9
2021-04-13,390.002,75.1394,48.7075,113.338,122.372,121.675,163.43,90.5697,41.4
2021-04-14,388.66,75.1971,48.9537,113.248,121.975,121.675,162.72,90.09,43.04
2021-04-15,392.843,75.8233,49.4009,113.697,124.029,122.338,165.35,91.6678,43.27
2021-04-16,394.164,76.3721,49.5279,113.398,123.062,122.299,166.35,91.8683,43.18
2021-04-19,392.221,76.2371,49.3458,113.308,122.705,122.091,165.89,92.0512,43.32
2021-04-20,389.349,74.8694,48.9446,113.487,123.274,122.16,166.48,92.8041,42.74
2021-04-21,393.034,75.6403,49.2451,113.597,123.522,122.279,168.13,93.4156,41.77
2021-04-22,389.447,75.3899,49.0718,113.627,124.065,122.427,167.04,92.9103,42.09
2021-04-23,393.665,76.1598,49.7825,113.607,123.771,122.487,166.4,93.4549,42.46
2021-04-26,394.491,76.2175,49.8467,113.507,123.591,122.556,166.84,93.7312,42.33
2021-04-27,394.403,75.9681,49.8192,113.228,122.506,122.546,166.42,93.7223,43.11
2021-04-28,394.287,76.1598,50.1929,113.288,122.588,122.933,166.91,93.5218,43.53
2021-04-29,396.805,76.1892,50.0738,113.228,122.223,122.873,166.22,94.3249,44.26
2021-04-30,394.202,75.2353,49.191,113.348,122.506,122.804,165.66,94.6974,43.27
2021-05-03,395.045,76.0639,49.191,113.248,122.581,122.606,167.81,94.5156,43.98
2021-05-04,392.612,74.9369,48.6342,113.388,123.42,122.883,166.58,93.9041,44.87
2021-05-05,392.728,75.9583,48.8623,113.477,123.622,123.418,167.27,92.3461,44.66
2021-05-06,395.867,76.5834,49.3274,113.497,123.831,123.279,170.06,92.8631,44.41
2021-05-07,398.748,77.4512,49.8376,113.467,123.212,123.537,171.59,94.0851,44.43
2021-05-10,394.797,77.0364,48.9446,113.288,121.959,123.596,172.11,94.0566,44.48
2021-05-11,391.283,76.0258,48.8072,113.039,121.264,123.269,172.14,92.872,44.87
2021-05-12,382.957,74.8117,47.4592,112.641,119.993,123.051,170.43,90.5206,45.22
2021-05-13,387.569,75.3703,47.3951,112.9,120.179,123.081,171.13,91.6963,43.81
2021-05-14,393.513,76.6323,48.2514,113.159,121.301,123.517,172.69,92.7854,44.71
2021-05-17,392.519,76.4885,48.2055,113.059,121.044,123.764,174.7,92.8818,45.39
2021-05-18,389.131,76.6509,48.8531,112.92,120.733,123.576,175.04,92.9005,44.84
2021-05-19,388.115,75.9778,48.7075,112.76,120.449,122.754,175.16,92.6036,43.43
2021-05-20,392.287,76.9796,48.9904,113.149,121.433,122.893,175.96,93.6466,42.48
2021-05-21,391.963,77.0843,48.4245,113.199,121.826,123.101,176.04,93.5493,43.7
2021-05-24,395.962,77.5569,48.8256,113.308,122.278,123.398,176.35,94.7171,45.02
2021-05-25,395.083,77.5754,49.3091,113.587,123.42,123.754,177.95,94.6876,44.92
2021-05-26,395.867,77.5275,49.6727,113.547,123.203,123.467,177.64,95.1084,45.2
2021-05-27,396.08,77.6723,49.6819,113.407,122.697,123.457,177.71,94.8892,45.55
2021-05-28,396.787,77.8562,50.0014,113.407,122.509,123.537,178.38,95.4622,45.42
2021-06-01,396.433,78.1351,51.0317,113.189,122.481,123.239,177.9,97.1865,46.33
2021-06-02,397.065,78.3953,51.1124,113.338,122.768,123.081,178.77,98.3219,46.9
2021-06-03,395.591,78.0088,50.5665,113.069,122.306,122.685,175.27,97.9483,46.97
2021-06-04,399.2,78.6741,51.0226,113.537,123.987,123.259,177.16,97.9975,47.26
2021-06-07,398.814,78.9343,50.7672,113.457,123.604,123.002,177.87,99.1668,47.27
2021-06-08,398.893,78.8962,50.5207,113.667,124.477,123.111,177.32,99.983,47.88
2021-06-09,398.309,78.6839,50.3752,113.895,125.556,123.121,176.98,100.12,47.58
2021-06-10,400.156,78.8991,50.7781,114.135,126.313,123.764,177.74,100.829,47.83
2021-06-11,400.826,79.084,50.6041,114.085,126.11,123.438,175.74,100.435,48.07
2021-06-14,401.705,79.221,50.7415,113.796,125.137,123.378,174.71,100.819,48.32
2021-06-15,400.979,79.3188,50.3934,113.845,124.984,123.576,174.05,99.7376,48.98
2021-06-16,398.738,78.8306,49.7067,113.477,124.878,122.467,171.11,99.0986,48.75
2021-06-17,398.605,78.2838,49.9814,113.835,126.762,122.933,165.85,98.9709,48.04
2021-06-18,393.233,76.6627,49.6333,114.145,129.146,122.982,164.93,97.2878,48.36
2021-06-21,398.863,77.6684,49.844,113.845,126.982,122.774,166.95,99.2954,49.36
2021-06-22,400.998,77.6782,49.6159,113.965,127.293,123.428,166.25,98.7741,49.42
2021-06-23,400.519,77.1802,49.9172,113.905,126.963,123.457,166.14,98.607,49.72
2021-06-24,402.883,77.9228,50.3752,113.945,127.17,123.23,166.04,98.3906,49.84
2021-06-25,404.308,78.0881,50.7963,113.717,125.839,123.358,166.59,99.059,50.25
2021-06-28,405.122,77.5901,50.8422,114.045,127.146,123.537,166.58,98.7642,49.54
2021-06-29,405.342,77.6097,50.8054,114.105,127.357,123.606,164.83,98.4989,49.89
2021-06-30,405.687,77.0139,50.4758,114.185,127.928,123.774,165.63,97.9778,49.88
2021-07-01,407.927,77.1998,50.192,114.125,127.937,123.893,166.2,98.4005,50.62
2021-07-02,411.047,77.4639,50.1369,114.373,128.713,124.428,167.29,98.7052,50.93
2021-07-06,410.301,76.9562,49.2587,114.742,130.206,124.735,168.12,99.423,49.9
2021-07-07,411.754,77.3759,49.2039,114.941,131.362,124.656,168.76,99.7673,48.66
2021-07-08,408.396,76.3799,48.1781,115.071,131.874,124.497,168.65,99.4913,49.52
2021-07-09,412.761,77.6782,49.0114,114.692,130.03,124.517,169.21,101.134,50.41
2021-07-12,414.236,78.0098,49.0573,114.623,129.858,124.834,169.0,101.988,50.31
2021-07-13,412.828,77.5999,49.103,114.373,128.863,124.834,169.22,100.563,51.15
2021-07-14,413.432,77.776,49.3137,114.762,130.324,125.171,171.04,101.281,49.7
2021-07-15,412.032,77.0335,49.4328,115.011,131.76,125.557,171.07,101.448,49.04
2021-07-16,408.798,76.468,49.0481,114.911,131.522,125.557,169.41,101.379,49.14
2021-07-19,402.76,75.0807,48.2239,115.519,134.403,125.606,169.61,99.521,45.84
2021-07-20,408.53,75.6276,48.3795,115.409,133.105,125.586,169.39,101.861,46.51
2021-07-21,411.842,76.7801,48.6911,115.031,131.418,125.26,168.76,101.851,48.27
2021-07-22,412.702,76.8094,48.7824,115.299,132.658,125.616,169.09,101.054,49.17
2021-07-23,416.943,77.3465,48.0599,115.22,131.77,126.171,168.56,101.88,49.47
2021-07-26,417.966,77.4541,47.1442,115.121,131.382,126.715,168.16,101.93,49.67
2021-07-27,416.073,77.1411,46.1926,115.389,132.781,126.686,168.44,102.52,49.47
2021-07-28,415.899,77.4737,47.4464,115.499,132.79,127.121,169.29,102.155,49.72
2021-07-29,417.623,78.0098,47.6846,115.309,132.052,126.894,171.17,102.175,50.64
2021-07-30,415.592,77.6097,47.2266,115.469,132.675,127.092,169.82,102.313,50.66
2021-08-02,414.724,78.0,47.5655,115.549,133.863,126.369,169.61,102.087,49.18
2021-08-03,418.093,78.5567,47.767,115.588,133.938,126.488,169.49,102.215,48.85
2021-08-04,416.043,78.3229,48.0142,115.578,134.215,126.24,169.53,101.89,47.2
2021-08-05,418.677,78.7035,47.9409,115.319,133.522,125.804,168.86,103.099,48.1
2021-08-06,419.356,78.4109,47.5379,114.801,131.29,125.527,164.64,102.912,47.57
2021-08-09,419.029,78.3718,47.6936,114.593,130.821,125.299,161.72,102.362,46.6
2021-08-10,419.536,78.5469,47.7577,114.443,130.223,125.418,161.77,101.399,47.68
2021-08-11,420.581,79.084,47.8859,114.553,130.146,125.626,164.0,101.978,48.3
2021-08-12,421.853,79.0155,47.4647,114.563,129.927,125.527,164.04,102.205,48.1
2021-08-13,422.609,79.4939,47.3456,114.981,131.97,125.844,166.39,102.765,47.43
2021-08-16,423.604,79.084,46.9153,115.041,132.295,125.963,167.22,102.637,47.04
2021-08-17,420.829,78.3425,46.0552,114.951,132.237,125.636,166.97,102.529,46.58
2021-08-18,416.233,78.0392,46.1284,114.961,132.684,125.656,167.1,101.596,45.4
2021-08-19,416.865,77.2683,45.3409,115.16,133.669,125.705,166.61,102.087,44.77
2021-08-20,420.187,77.5706,45.3044,115.17,133.757,125.309,166.7,102.598,43.43
2021-08-23,423.882,78.2935,45.9911,115.17,133.669,125.606,168.73,102.412,45.85
2021-08-24,424.56,78.4589,47.0342,115.001,132.621,125.606,168.65,101.95,47.37
2021-08-25,425.442,78.4882,47.0891,114.781,131.528,125.557,167.48,101.88,47.81
2021-08-26,422.935,78.0783,46.6414,114.791,131.881,125.577,167.67,101.92,47.48
2021-08-27,426.715,78.7915,47.2174,115.111,132.783,126.507,170.19,103.001,48.15
2021-08-30,428.59,78.7719,47.3182,115.24,133.133,126.488,169.35,104.023,48.4
2021-08-31,427.968,78.7328,47.9685,115.071,132.221,126.121,169.69,104.525,48.04
2021-09-01,428.199,79.445,48.5811,114.941,132.445,125.309,169.7,106.196,47.93
2021-09-02,429.501,79.7679,48.3613,115.061,133.027,125.359,169.25,106.747,48.95
2021-09-03,429.396,80.1289,48.6176,114.861,131.821,125.18,171.06,106.767,48.66
2021-09-07,427.874,80.1876,48.9015,114.553,130.701,124.864,167.71,105.567,48.04
2021-09-08,427.347,79.5526,48.1873,114.742,131.596,125.378,167.29,106.098,48.59
2021-09-09,425.508,79.4167,48.0966,115.111,133.185,126.032,168.03,103.935,47.75
2021-09-10,422.167,79.2406,48.0417,114.881,132.008,125.695,167.18,102.421,48.8
2021-09-13,423.23,79.8657,48.1689,115.031,132.809,125.695,167.74,103.119,49.48
2021-09-14,420.953,79.5331,47.767,115.289,134.427,125.755,168.82,102.932,49.31
2021-09-15,424.475,79.7679,47.7577,115.18,133.955,125.824,167.83,103.266,50.69
2021-09-16,423.796,79.6407,47.2174,114.981,133.337,125.626,164.03,103.346,50.7
2021-09-17,419.67,78.5958,47.0159,114.881,132.694,125.26,163.77,102.421,50.32
2021-09-20,412.674,77.1411,45.7531,115.101,134.345,125.378,164.94,101.792,49.6
2021-09-21,412.292,77.9032,46.0918,115.15,134.232,125.289,166.04,101.841,49.58
2021-09-22,416.301,78.2935,46.668,115.19,135.038,125.161,165.42,102.834,50.48
2021-09-23,421.366,79.1427,47.0342,114.623,131.97,124.705,163.51,102.627,51.38
2021-09-24,422.065,78.4012,46.4766,114.423,130.685,124.408,163.3,101.526,51.82
2021-09-27,420.848,78.3522,46.7778,114.263,130.209,124.467,163.64,100.17,52.91
2021-09-28,412.377,76.6431,46.1743,113.786,128.183,124.19,162.05,99.4913,52.4
2021-09-29,413.067,76.468,45.7439,113.865,128.407,124.259,161.32,100.239,52.32
2021-09-30,408.012,76.1647,46.1103,113.845,128.389,124.279,164.22,98.5774,52.56
2021-10-01,412.864,76.3506,46.0644,114.195,129.462,124.804,164.59,99.9731,53.26
2021-10-04,407.535,75.5503,45.3868,114.115,129.129,124.794,165.36,99.9929,54.49
2021-10-05,411.783,76.0669,45.7074,113.845,127.89,124.923,164.59,99.3142,55.63
2021-10-06,413.486,75.5591,45.4508,113.895,128.617,124.854,165.03,100.258,54.16
2021-10-07,417.067,76.1451,46.3392,113.577,127.262,124.745,164.16,100.524,55.36
2021-10-08,416.301,76.1354,46.5132,113.328,126.371,124.774,164.23,99.5803,55.47
2021-10-11,413.287,75.8917,46.4214,113.149,126.049,124.695,163.92,99.8257,56.18
2021-10-12,412.283,75.9309,46.1836,113.567,128.21,124.933,164.66,101.143,56.11
2021-10-13,413.756,76.6822,46.8237,113.826,129.453,125.507,167.59,101.871,56.16
2021-10-14,420.714,77.4444,46.97,114.045,129.931,125.755,168.0,103.119,56.81
2021-10-15,423.92,78.0881,47.5379,113.766,129.175,125.547,165.33,103.041,57.15
2021-10-18,425.184,77.7564,47.4188,113.687,129.784,125.279,164.92,103.296,56.96
2021-10-19,428.467,78.2251,48.0508,113.358,127.995,124.972,165.45,103.346,57.42
2021-10-20,430.14,78.498,48.0417,113.278,127.133,125.2,166.9,104.977,58.12
2021-10-21,431.27,78.1272,47.7303,113.039,126.978,125.487,166.75,105.114,57.41
2021-10-22,430.82,78.5958,47.6296,113.258,128.381,125.745,167.77,105.616,58.03
2021-10-25,433.125,78.4403,47.8768,113.368,128.183,126.042,168.93,105.95,57.83
2021-10-26,433.518,78.5958,47.6296,113.577,129.238,126.478,167.68,106.245,58.45
2021-10-27,431.587,78.2838,47.2448,113.955,131.587,127.082,168.12,105.341,56.9
2021-10-28,435.76,79.0449,47.2906,113.865,131.143,125.973,168.08,106.815,57.4
2021-10-29,436.649,78.5861,46.6047,113.835,131.542,125.656,166.65,105.616,57.15
2021-11-01,437.398,79.3482,46.97,113.587,130.601,125.032,167.52,106.137,57.53
2021-11-02,439.168,79.1819,46.5499,113.816,131.177,125.537,167.16,106.648,57.53
2021-11-03,441.847,79.8266,46.7687,113.587,129.824,125.359,165.77,106.992,55.34
2021-11-04,443.924,79.7777,46.6597,113.965,131.185,126.191,167.65,105.98,54.92
2021-11-05,445.463,79.8951,46.6047,114.413,133.152,126.626,169.84,106.53,56.55
2021-11-08,445.848,79.8853,47.0342,114.205,132.898,127.052,170.45,106.442,57.09
2021-11-09,444.374,79.7092,46.8511,114.523,134.636,127.785,171.29,106.628,57.97
2021-11-10,440.802,78.7426,46.6597,113.746,132.165,127.399,173.15,106.127,56.32
2021-11-11,440.938,79.0253,47.4647,113.537,131.968,127.379,174.12,106.304,56.22
2021-11-12,444.268,79.4548,47.5929,113.517,131.387,127.359,174.45,106.225,55.98
2021-11-15,444.422,79.309,47.4372,113.099,129.744,127.379,174.18,106.962,56.07
2021-11-16,446.182,79.1329,47.5013,113.059,129.413,127.191,172.92,106.265,56.2
2021-11-17,445.091,79.0351,47.254,113.328,130.439,127.448,174.5,106.599,55.0
2021-11-18,446.613,79.1134,46.677,113.427,130.925,127.527,173.94,106.618,55.55
2021-11-19,445.809,78.4403,46.6047,113.647,132.309,127.29,172.61,105.98,53.78
2021-11-22,444.554,77.9805,46.2293,113.099,130.753,126.26,168.74,105.459,54.45
2021-11-23,445.138,77.9032,46.1836,112.651,128.876,125.785,167.28,106.313,56.2
2021-11-24,446.338,77.3857,46.1194,112.91,130.932,126.171,167.12,107.601,55.88
2021-11-26,436.382,75.3057,44.5726,113.717,134.25,126.795,166.85,104.603,49.63
2021-11-29,441.733,75.6863,44.7466,113.776,133.169,126.497,166.62,105.38,50.17
2021-11-30,433.135,75.023,44.7008,113.965,135.198,126.616,165.5,103.384,47.91
2021-12-01,428.331,74.5935,44.8656,113.826,136.035,126.042,166.16,101.674,47.04
2021-12-02,434.88,75.521,45.4142,113.806,136.197,126.408,165.24,104.732,48.29
2021-12-03,431.109,75.2079,44.774,114.263,137.818,126.676,166.63,104.387,48.0
2021-12-06,436.208,75.9309,45.1219,113.865,135.936,126.101,166.22,106.215,50.51
2021-12-07,445.224,77.5314,45.8354,113.687,134.833,126.299,166.81,107.739,51.59
2021-12-08,446.409,77.6782,46.0185,113.388,132.498,126.091,166.9,108.525,52.42
2021-12-09,443.4,77.0335,45.7988,113.398,133.241,125.577,165.88,106.943,51.02
2021-12-10,447.561,77.1998,45.8354,113.427,132.919,125.567,166.58,107.277,52.03
2021-12-13,443.608,75.1688,45.1089,113.826,134.887,125.695,167.0,108.29,51.44
2021-12-14,440.553,74.7686,45.0066,113.607,134.567,125.289,165.44,106.894,50.92
2021-12-15,447.435,75.7841,44.8767,113.517,133.267,125.398,166.15,108.408,51.62
2021-12-16,443.492,75.7939,44.9324,113.677,133.32,125.666,168.16,108.368,51.87
2021-12-17,438.773,74.8371,44.7094,113.816,134.833,125.676,167.8,108.231,50.78
2021-12-20,434.113,74.6708,44.0415,113.647,133.821,125.606,167.09,107.386,49.9
2021-12-21,441.818,75.5014,44.7838,113.557,133.312,125.884,167.02,108.605,51.57
2021-12-22,446.24,76.2038,44.9974,113.657,133.932,126.28,168.59,109.716,52.48
2021-12-23,449.015,76.6529,45.2297,113.517,132.764,125.992,168.97,109.597,53.13
2021-12-27,455.37,77.2487,45.434,113.577,133.09,126.418,169.37,111.455,54.52
2021-12-28,454.998,77.278,45.2854,113.527,132.559,126.339,168.64,111.868,54.67
2021-12-29,455.58,77.2487,45.0809,113.189,131.111,126.448,168.59,112.615,55.08
2021-12-30,454.318,77.0432,45.6012,113.437,132.211,127.111,169.8,113.107,55.1
2021-12-31,453.169,76.9748,45.3781,113.398,132.47,126.953,170.96,113.421,54.36
