Date,XLB,XLC,XLE,XLF,XLI,XLK,XLP,XLRE,XLU,XLV,XLY
2018-06-21,24.7432,48.4231,26.3504,24.9117,66.992,33.0371,45.6832,27.8315,19.9084,78.8064,51.8922
2018-06-22,25.1031,48.6352,26.8751,24.7931,67.2258,32.9304,46.057,28.0753,20.0473,79.1605,51.8049
2018-06-25,24.7131,47.6348,26.3347,24.5248,66.3717,32.2464,46.2896,28.0085,20.378,78.4325,50.6821
2018-06-26,24.8069,47.7134,26.6681,24.4437,66.6214,32.3761,46.0944,28.154,20.4026,78.1905,51.0349
2018-06-27,24.7311,47.2943,27.0258,24.1428,66.0834,31.9344,45.9968,28.0753,20.5015,77.5299,50.3822
2018-06-28,24.825,47.7671,26.9903,24.3536,66.1756,32.3256,45.9968,28.3554,20.4935,77.6311,50.7739
2018-06-29,24.9101,47.7104,27.1583,24.3536,66.3132,32.311,45.9712,28.4223,20.5241,77.7888,50.8653
2018-07-02,24.7764,48.0101,26.7573,24.4734,66.4639,32.5998,45.7,28.2601,20.6713,78.0318,50.9296
2018-07-03,24.7353,47.4217,26.925,24.2517,66.2518,32.2139,45.8095,28.4223,20.7301,78.2192,50.6821
2018-07-05,24.9495,48.1444,26.8971,24.3082,66.5739,32.6688,46.4435,28.797,20.8411,79.0275,50.9246
2018-07-06,25.074,48.905,27.0622,24.4258,66.8057,33.0512,46.5865,28.9179,21.0023,80.1671,51.3258
2018-07-09,25.2973,49.1847,27.4658,24.986,68.0442,33.3027,46.4051,28.6504,20.3549,80.7553,51.9451
2018-07-10,25.5116,49.1639,27.6701,24.8929,68.2593,33.3804,46.9583,28.79,20.5488,81.0617,52.0619
2018-07-11,25.0828,49.0971,27.0833,24.7742,67.1396,33.2509,46.8084,28.7025,20.7342,80.419,51.9356
2018-07-12,25.1423,49.8696,27.1293,24.8207,67.9283,33.776,46.7443,28.7724,20.7506,81.3127,52.2934
2018-07-13,25.129,49.7919,27.2731,24.7099,68.2791,33.7401,47.05,28.6769,20.7542,81.4614,52.4057
2018-07-16,24.9272,49.6446,26.9574,25.1483,68.0006,33.66,46.8262,28.5206,20.7342,80.9685,52.5315
2018-07-17,25.2534,49.6536,26.8505,25.176,68.2691,33.9109,47.2266,28.328,20.7185,81.4158,52.5794
2018-07-18,25.017,49.5132,26.8689,25.5817,69.0202,33.855,46.8439,28.2237,20.6115,81.4812,52.5509
2018-07-19,25.1073,49.1648,26.8751,25.1958,68.9924,33.7357,46.8696,28.4921,20.8015,81.0251,52.4297
2018-07-20,25.005,49.0025,26.7833,25.2413,68.9162,33.7449,47.1555,28.2415,20.6557,80.8653,52.2016
2018-07-23,24.8677,49.2047,26.6643,25.5886,68.4911,33.9152,46.8606,28.1638,20.5095,81.0339,52.1437
2018-07-24,25.1891,49.55,27.0006,25.6619,68.7805,34.1017,46.9505,28.0841,20.5799,81.7719,51.9835
2018-07-25,25.3871,49.9094,27.2254,25.7193,69.8228,34.5307,47.3074,28.3653,20.6392,82.8123,52.3763
2018-07-26,25.5329,48.025,27.5238,25.7093,70.3618,34.0003,47.5569,28.4597,20.8607,82.5812,52.0968
2018-07-27,25.4376,47.1141,27.4056,25.7638,70.3698,33.4182,47.62,28.1972,20.7939,81.9851,51.9551
2018-07-30,25.3917,46.3725,27.6304,25.7806,69.6761,32.8977,47.5648,28.1736,20.667,82.0317,51.5389
2018-07-31,25.6234,46.6791,27.5795,25.5975,71.2149,32.9852,47.7886,28.7183,20.8527,82.8897,51.7854
2018-08-01,25.3608,46.4879,27.1973,25.5975,70.2518,33.2843,47.3873,28.9109,20.7185,82.9085,51.524
2018-08-02,25.1936,46.7946,27.0474,25.6064,70.1577,33.7021,47.8695,28.7724,20.8211,83.214,51.8783
2018-08-03,25.4334,47.1141,26.9084,25.7559,70.2231,33.8235,48.4316,29.1469,21.0536,83.7089,52.0619
2018-08-06,25.4255,47.587,27.0076,25.8915,70.3261,34.0051,48.475,29.084,21.0701,83.8577,52.4107
2018-08-07,25.5116,47.6447,27.2083,26.0112,70.8245,34.1343,48.1812,29.024,21.0385,83.8675,52.6377
2018-08-08,25.4042,47.6059,27.0115,26.0735,70.5114,34.2273,47.8152,28.8402,20.9279,83.9955,52.6911
2018-08-09,25.5397,47.8657,26.7607,25.9191,70.124,34.2419,47.6723,28.8943,21.0229,83.9063,52.8947
2018-08-10,25.1719,47.4616,26.925,25.6144,69.5008,33.9677,47.4967,28.615,20.9316,83.5413,52.4631
2018-08-13,24.9188,47.3928,26.5824,25.369,69.1669,33.9202,47.4967,28.6072,20.9601,83.5681,52.2016
2018-08-14,25.129,47.7293,26.6465,25.6064,69.6484,34.1303,47.8222,28.7183,21.0023,83.9608,52.6862
2018-08-15,24.7311,47.0683,25.7169,25.4066,69.3165,33.8235,48.0194,28.9709,21.1959,83.8199,52.0619
2018-08-16,24.8805,47.0494,25.9026,25.7469,70.1943,33.972,48.7058,29.1971,21.4263,84.6401,52.3284
2018-08-17,25.0657,46.8244,25.9666,25.7994,70.6214,34.023,49.0844,29.4762,21.5359,84.901,52.3713
2018-08-20,25.241,46.901,26.1423,25.8815,71.0941,33.972,49.0549,29.5088,21.4605,85.1818,52.7196
2018-08-21,25.3391,47.1897,26.2758,25.9825,71.6211,34.0278,48.7058,29.2423,21.3068,85.1818,53.1512
2018-08-22,25.2108,47.1331,26.5898,25.8915,70.9286,34.1303,48.405,29.0584,21.1491,85.264,53.2036
2018-08-23,25.0387,46.9399,26.4642,25.7717,70.7245,34.2037,48.2886,28.9876,21.133,85.2363,53.1557
2018-08-24,25.3639,47.6258,26.6577,25.8627,71.0277,34.5491,48.2255,29.1882,21.2234,85.6469,53.4746
2018-08-27,25.7136,48.0847,26.8538,26.2121,71.9263,34.8658,48.2531,29.1469,21.0938,85.9544,53.8139
2018-08-28,25.6147,47.8757,26.7396,26.1854,71.7786,34.9244,48.0943,29.5008,21.0492,86.002,53.9192
2018-08-29,25.8077,48.1444,26.905,26.1764,71.8342,35.241,48.1456,29.4596,21.2046,86.5593,54.525
2018-08-30,25.5023,47.8457,26.8293,25.9735,71.3338,35.1355,47.9938,29.3013,21.2133,86.4959,54.2051
2018-08-31,25.4255,47.3739,26.6223,25.9489,71.3814,35.1633,47.977,29.4134,21.1215,86.4761,54.4237
2018-09-04,25.2502,46.7866,26.5642,26.0735,71.3238,35.0278,47.9149,29.1548,21.2167,85.7877,54.5295
2018-09-05,25.4167,46.1794,26.5279,26.0913,71.8342,34.5904,48.4661,29.3367,21.5119,86.1338,53.9437
2018-09-06,25.4681,45.8329,26.039,25.9735,72.0581,34.3395,48.6012,29.432,21.6348,86.1338,53.7994
2018-09-07,25.3016,45.9295,26.0352,25.9489,71.8342,34.2225,48.5036,29.0584,21.371,86.2618,53.7945
2018-09-10,25.3315,46.0271,26.0247,25.9191,72.2048,34.3302,48.6703,29.2148,21.4771,86.0386,53.9931
2018-09-11,25.3825,46.4879,26.2715,25.9489,72.1849,34.6224,48.4937,29.2236,21.4222,85.9632,54.4237
2018-09-12,25.3959,46.3526,26.4075,25.7093,72.4089,34.4788,49.0549,29.2502,21.4013,86.3937,54.525
2018-09-13,25.4945,46.6791,26.418,25.6717,72.8438,34.8836,48.9858,29.432,21.5639,87.4659,54.6168
2018-09-14,25.4851,46.5935,26.5572,25.8529,73.2054,34.856,48.8497,29.1794,21.4485,87.1743,54.4137
2018-09-17,25.5754,46.1406,26.5997,25.7469,73.2322,34.4176,49.0273,29.3455,21.5202,86.8588,53.7406
2018-09-18,25.6022,46.4691,26.7755,25.8727,73.8981,34.6361,48.8231,29.1695,21.4811,87.3607,54.4237
2018-09-19,25.8803,46.5935,26.8569,26.312,73.8347,34.5491,48.7344,28.8943,21.0149,87.2427,54.4427
2018-09-20,26.1592,47.1041,26.8656,26.5406,73.9456,34.9578,49.3507,29.1105,21.0577,88.0877,54.8199
2018-09-21,26.1022,46.8902,27.0414,26.4406,74.4203,34.8186,49.4296,29.1105,21.1455,88.2117,54.5784
2018-09-24,25.7358,46.8902,27.4373,26.1448,73.145,34.9904,48.6742,28.5413,20.9592,88.3873,54.2146
2018-09-25,25.6035,46.91,27.613,26.0448,72.9211,34.9482,48.3892,28.5138,20.6718,88.1165,54.4472
2018-09-26,25.3482,47.0952,27.3463,25.7331,72.8745,34.8186,48.4435,28.1972,20.4685,88.3139,54.5784
2018-09-27,25.1285,47.5004,27.3463,25.6391,72.9785,35.0229,48.3803,28.2857,20.6802,88.7632,54.762
2018-09-28,24.9693,47.3251,27.2721,25.3729,72.9311,35.1545,48.4503,28.6367,20.9829,89.0339,54.7131
2018-10-01,25.2197,47.1331,27.6493,25.4748,73.574,35.322,48.4168,28.4164,20.9106,89.4753,54.5485
2018-10-02,25.3274,47.0952,27.6797,25.4748,73.7405,35.3268,48.692,28.329,21.1926,89.3691,53.8089
2018-10-03,25.1461,47.3053,27.9022,25.7153,74.0457,35.4342,48.1732,28.0055,20.9372,89.2035,53.6348
2018-10-04,25.0296,46.6313,27.7861,25.8885,73.8059,34.7953,48.0569,27.8738,21.0492,88.3327,52.778
2018-10-05,24.8448,46.1854,27.7824,25.7599,73.4245,34.3565,48.0105,27.8816,21.3736,88.2295,52.3962
2018-10-08,24.8315,46.033,27.7615,25.9359,73.6118,33.9687,48.6742,28.2415,21.5524,88.1919,52.5315
2018-10-09,24.0079,46.0041,28.0096,25.8331,72.4753,34.0899,48.5667,28.3378,21.6406,88.3407,52.3763
2018-10-10,23.3784,44.1864,27.1315,25.0345,70.1429,32.4381,47.9848,27.8904,21.5202,86.2539,50.6103
2018-10-11,23.1074,43.8091,26.2127,24.2884,68.2889,32.0272,46.8005,27.0735,21.1262,83.9281,49.7155
2018-10-12,23.1712,44.7867,26.2849,24.317,68.7447,33.054,47.0598,27.0557,21.1018,85.2164,50.6387
2018-10-15,23.094,44.6135,26.065,24.2052,68.8736,32.5125,47.3459,27.2228,21.2017,84.6263,50.5179
2018-10-16,23.4644,45.7901,26.2814,24.6109,70.0368,33.4934,47.8755,27.7331,21.4213,86.9462,51.5289
2018-10-17,23.3141,45.9743,26.1166,24.8593,69.5246,33.3382,48.1023,27.6535,21.3807,87.4043,51.1038
2018-10-18,23.052,45.1341,25.9863,24.4437,68.3267,32.6848,48.0381,27.6624,21.4129,86.4155,50.1302
2018-10-19,22.8872,45.1242,25.7557,24.5347,68.074,32.6707,49.1338,27.9416,21.7476,85.6281,49.6415
2018-10-22,22.7063,45.0953,25.4709,24.0112,67.8421,32.942,48.7669,27.5483,21.608,84.9278,49.8347
2018-10-23,22.4824,44.9968,24.8049,23.8183,66.7264,32.8159,48.9829,27.7233,21.4885,84.4686,49.8441
2018-10-24,21.7713,42.8555,23.8263,23.2216,64.4654,31.3455,49.187,28.0468,22.0109,81.6796,48.3498
2018-10-25,22.0518,44.275,24.1177,23.5798,64.9231,32.4241,49.3064,28.382,21.6682,82.7369,49.8151
2018-10-26,21.9207,43.0774,23.9375,23.2394,64.2811,31.774,48.3616,27.6436,21.2702,81.7997,48.2676
2018-10-29,21.8703,42.4104,23.4906,23.4412,63.209,31.2382,48.9188,28.1008,21.5684,82.0079,47.846
2018-10-30,22.37,43.5692,24.0342,23.8469,64.5119,31.5881,49.8901,28.5658,21.6513,82.8877,48.5582
2018-10-31,22.6757,44.4661,24.1826,24.1775,65.0044,32.3406,49.4207,28.1795,21.3959,82.9977,49.188
2018-11-01,23.3141,44.7289,24.3875,24.2884,66.1508,32.7172,49.7717,28.2857,21.3015,84.0461,50.1991
2018-11-02,23.2577,44.275,24.327,24.2696,66.0379,32.0785,49.5124,28.0468,21.1811,83.5234,50.3972
2018-11-05,23.3271,44.0899,24.7338,24.6565,66.3826,32.0464,50.1307,28.5138,21.4806,84.2614,50.4651
2018-11-06,23.7102,44.3516,24.8483,24.7841,67.0772,32.2469,50.4354,28.6721,21.6247,84.6947,50.6921
2018-11-07,24.1371,45.164,25.2556,25.1057,68.1681,33.1941,50.7234,28.9867,21.8709,87.1802,52.0669
2018-11-08,24.0331,44.7379,24.7076,25.179,68.0542,33.1653,50.751,29.0486,21.8353,87.2288,52.0819
2018-11-09,23.6991,43.8181,24.6646,24.9483,67.3685,32.592,51.0479,29.084,21.8674,86.9759,51.3503
2018-11-12,23.3489,43.164,24.1533,24.4536,66.0379,31.445,50.7786,29.1469,21.8554,85.7966,50.3238
2018-11-13,23.2794,43.0286,23.5986,24.5921,66.3341,31.4805,50.6623,29.2059,21.9463,85.1996,50.3044
2018-11-14,23.2536,43.2407,23.5592,24.2596,66.1121,31.1028,50.3211,29.1981,21.72,84.5152,49.9176
2018-11-15,23.5728,43.5602,23.9052,24.6198,66.9871,31.8835,50.2382,28.97,21.5403,85.262,49.8441
2018-11-16,23.8088,43.3453,24.1888,24.6465,66.9682,31.8309,50.3664,29.3839,21.8709,86.1259,49.6563
2018-11-19,23.4687,42.0331,24.1826,24.6377,65.909,30.6178,50.2836,29.4626,21.9681,85.028,48.4273
2018-11-20,23.0431,41.4817,23.3907,24.0944,64.5407,29.9597,49.4493,29.0742,21.8754,84.2336,47.3384
2018-11-21,23.2286,41.9755,23.7578,24.1142,64.9945,30.1787,49.0529,29.0574,21.5524,83.7565,47.8365
2018-11-23,22.9774,41.4239,23.0122,23.9202,64.8666,29.9029,49.2255,28.9533,21.5644,83.8785,47.6259
2018-11-26,23.2405,42.3726,23.3583,24.407,65.3412,30.5802,49.2866,29.0152,21.6919,84.6947,48.6836
2018-11-27,22.9567,42.506,23.2928,24.4258,65.2293,30.6418,49.7274,29.1705,21.8554,85.5715,48.8293
2018-11-28,23.3094,43.395,23.6934,24.8949,66.7898,31.7159,50.1405,29.4094,21.8389,87.6295,50.2854
2018-11-29,23.4779,43.5403,23.8471,24.6831,66.8285,31.4067,50.2204,29.4448,21.8313,87.9201,50.0429
2018-11-30,23.5381,43.4737,23.8034,24.8128,67.4805,31.7061,50.5439,29.726,22.1539,89.7084,50.4067
2018-12-03,23.9516,43.5403,24.3339,24.9681,68.2603,32.4051,50.5902,29.8656,22.3772,89.2789,51.3453
2018-12-04,23.2405,42.2552,23.6348,23.8826,65.3591,31.178,49.7373,29.4714,22.3929,87.2863,49.5066
2018-12-06,22.9265,42.7281,23.1997,23.5521,64.9945,31.248,49.7895,30.2795,22.4169,86.956,49.7343
2018-12-07,22.3741,41.9187,23.0684,23.1008,63.2823,30.1475,49.1594,29.8223,22.5007,84.7393,48.2578
2018-12-10,22.4347,42.2363,22.71,22.7812,63.4448,30.5625,49.1594,29.7084,22.5452,85.0656,48.2822
2018-12-11,22.3616,42.2741,22.716,22.5585,63.0703,30.5984,49.5667,29.7614,22.6365,85.3295,48.2966
2018-12-12,22.5554,42.7281,22.8076,22.6843,63.425,30.8368,49.5026,29.1981,22.4936,86.0584,48.8097
2018-12-13,22.2923,42.5349,22.8789,22.5209,63.2467,30.8888,49.8092,29.3996,22.6874,86.1458,48.5674
2018-12-14,22.1206,42.1198,22.3571,22.3002,62.3707,30.1335,48.9631,29.3485,22.6441,83.2428,47.7662
2018-12-17,21.7412,41.2975,21.9505,22.0796,61.3492,29.4931,47.83,28.2513,21.9156,81.5874,46.5511
2018-12-18,21.862,41.4817,21.4313,21.9954,61.6574,29.7261,47.266,28.5324,21.7675,80.8743,46.9159
2018-12-19,21.5636,40.5937,21.1794,21.7203,60.4931,29.1382,46.8084,28.267,21.7315,79.819,45.9853
2018-12-20,21.2745,39.879,20.5927,21.5274,59.3864,28.6161,45.9731,27.9238,21.72,78.6942,44.9541
2018-12-21,21.0847,38.5709,20.393,21.094,58.2638,27.75,45.4929,27.4982,21.6273,77.7164,43.9373
2018-12-24,20.5376,37.7576,19.5672,20.6497,56.4763,27.0084,44.1803,26.4865,20.7221,75.8557,43.1034
2018-12-26,21.4573,39.879,20.7848,21.5838,59.104,28.639,45.4091,27.3301,21.0042,79.1644,45.6573
2018-12-27,21.8524,40.0641,20.8936,21.8431,59.8451,28.8443,45.8449,27.392,21.1811,80.0382,45.9012
2018-12-28,21.7353,39.9377,20.7338,21.8332,59.6876,28.7806,45.8449,27.4883,21.2327,80.1325,45.9055
2018-12-31,21.9161,39.9974,20.8437,22.046,60.285,29.0515,46.0343,27.5433,21.2702,81.3176,46.3976
2019-01-02,22.0299,40.527,21.2533,22.231,60.5932,29.0708,45.7631,26.9132,20.9044,80.0858,46.7484
2019-01-03,21.4058,39.8491,21.0434,21.7313,58.7502,27.6031,45.5008,27.0361,20.8999,78.4582,45.7367
2019-01-04,22.2474,41.5663,21.7587,22.4526,60.9777,28.8263,46.4722,27.3133,21.21,80.7989,47.2488
2019-01-07,22.3255,42.0401,22.0826,22.4794,61.4721,29.0849,46.4061,27.5433,21.0649,81.1113,48.3111
2019-01-08,22.559,42.7469,22.2537,22.4982,62.3173,29.3281,46.834,28.0251,21.3263,81.7401,48.8483
2019-01-09,22.5675,42.8067,22.6069,22.6119,62.7373,29.7078,46.3962,27.9082,21.1969,82.1061,49.0996
2019-01-10,22.7673,42.8933,22.6709,22.6199,63.5895,29.8399,46.6704,28.3526,21.4748,82.2678,48.9597
2019-01-11,22.6762,42.6793,22.5369,22.6743,63.5221,29.7835,46.8064,28.4046,21.3936,82.5376,49.0083
2019-01-14,22.5031,42.525,22.4822,22.8327,63.5122,29.5064,46.5807,28.3152,20.912,81.629,48.7031
2019-01-15,22.3551,43.2317,22.5636,23.0365,63.316,29.9515,47.0432,28.6357,21.1695,83.094,49.1487
2019-01-16,22.442,43.0486,22.5337,23.5263,63.3844,29.9807,46.7887,28.7694,21.2453,82.9452,49.0368
2019-01-17,22.8378,43.2218,22.7402,23.6569,64.4684,30.1719,46.9859,28.9119,21.3336,83.6771,49.3715
2019-01-18,23.2152,43.5712,23.2015,24.0637,65.694,30.6315,47.549,29.0192,21.3581,84.6739,50.0529
2019-01-22,22.8927,42.6693,22.6966,23.7847,64.3376,30.1165,47.1141,28.965,21.3973,84.0898,49.3079
2019-01-23,22.7373,42.4762,22.4645,23.8133,64.4316,30.2183,47.6762,28.9828,21.6156,84.185,49.4042
2019-01-24,22.616,42.6693,22.5835,23.8707,64.7567,30.4714,47.0865,29.0978,21.727,83.4788,49.6167
2019-01-25,23.0463,43.2118,22.871,24.0637,65.584,30.9028,46.8972,29.436,21.4306,83.5819,50.1602
2019-01-28,23.0103,42.8365,22.6421,23.9875,64.9548,30.4908,47.0944,29.729,21.3299,82.6328,49.8591
2019-01-29,23.2499,42.3318,22.7113,23.9063,65.8535,30.1625,47.2038,29.959,21.3897,83.0374,49.5506
2019-01-30,23.4974,42.941,23.0309,24.0449,66.8849,31.0995,47.5223,30.2097,21.555,84.176,50.5179
2019-01-31,23.1449,44.6961,23.1807,24.0073,67.1743,31.0674,48.402,30.5027,22.0091,85.2264,50.973
2019-02-01,23.2152,44.5398,23.5843,24.1112,67.2754,31.2504,48.2472,30.3159,21.9249,85.3027,50.2375
2019-02-04,23.175,44.955,23.6381,24.2112,68.1492,31.7519,48.5558,30.4929,21.9616,85.0578,50.5614
2019-02-05,23.3447,45.4497,23.6743,24.1468,68.7359,32.0188,48.5628,30.6974,22.005,84.9378,51.0249
2019-02-06,23.2064,44.4343,23.5007,24.1201,68.7557,32.126,48.5726,30.4585,21.9921,85.3216,50.8184
2019-02-07,22.8848,44.0073,22.9807,23.8777,68.287,31.6863,48.5372,30.7141,22.2824,84.3813,50.4067
2019-02-08,22.8635,44.3078,22.8746,23.7579,68.392,31.8693,48.7649,30.7141,22.379,84.542,50.2086
2019-02-11,22.8973,43.8509,22.9837,23.8321,68.7557,31.8547,48.8912,30.8036,22.3715,84.4389,50.2994
2019-02-12,23.4095,44.3546,23.2743,24.1834,69.8208,32.2761,49.2718,30.5912,22.4232,85.5933,51.0599
2019-02-13,23.44,44.3845,23.5647,24.2488,70.234,32.3186,49.3615,30.7957,22.359,85.7818,51.4092
2019-02-14,23.3193,44.5497,23.6492,23.9539,69.907,32.3745,48.8093,30.9097,22.3225,85.9792,51.2136
2019-02-15,23.6347,44.7439,24.0299,24.4625,70.8434,32.6337,49.2718,31.0966,22.391,87.2784,51.5778
2019-02-19,23.7837,44.7927,24.1035,24.4991,70.8146,32.6429,49.5262,31.1329,22.5226,87.0701,51.7854
2019-02-20,24.1908,44.6363,24.2057,24.6565,71.1525,32.6789,49.4345,30.9383,22.6236,86.966,51.8877
2019-02-21,24.0951,44.2202,23.831,24.5248,70.8622,32.693,49.5805,30.9923,22.7881,86.2043,51.7854
2019-02-22,24.1991,44.6363,23.9005,24.4902,71.3288,33.1104,49.3448,31.1683,22.9298,86.9958,52.0719
2019-02-25,24.3559,44.6861,23.9398,24.5921,71.6113,33.2712,49.0736,30.9097,22.7805,87.1158,51.8922
2019-02-26,24.2167,44.6861,23.864,24.5149,71.416,33.3405,49.1012,30.8488,22.7524,86.8053,51.9636
2019-02-27,24.1773,44.4622,23.9546,24.6109,71.6945,33.3084,49.0253,30.7505,22.7805,86.4027,51.9257
2019-02-28,23.8822,44.49,23.7146,24.5446,71.4517,33.2148,49.262,30.839,22.9128,86.1507,51.6512
2019-03-01,23.8531,44.8404,24.1505,24.7019,71.5151,33.4395,49.1702,30.8036,22.9617,87.3697,52.0669
2019-03-04,23.9604,44.8972,24.194,24.5446,71.1991,33.3124,49.0924,30.9285,23.0021,86.1844,51.8972
2019-03-05,23.8489,45.1799,24.1148,24.4526,70.7393,33.2148,49.0539,31.0169,22.974,86.1418,52.0324
2019-03-06,23.8993,45.161,23.8086,24.2952,70.0745,33.0411,48.9829,30.9383,22.974,84.8792,51.7854
2019-03-07,23.7055,44.7628,23.667,24.0449,69.6523,32.7266,48.6663,30.9097,23.0506,84.2138,51.1527
2019-03-08,23.7439,44.7339,23.224,24.036,69.5126,32.7216,48.689,30.9383,23.1304,84.0322,50.7984
2019-03-11,24.082,45.5372,23.5876,24.2864,70.1042,33.4249,49.327,31.4171,23.2953,84.9923,51.4995
2019-03-12,24.1733,45.7414,23.7406,24.3408,69.5226,33.621,49.3448,31.5852,23.4552,85.6131,51.6512
2019-03-13,24.2898,45.8767,23.9796,24.506,70.1339,33.8409,49.6239,31.7376,23.4803,86.5325,51.8249
2019-03-14,24.1089,45.6736,24.0052,24.602,69.8981,33.9124,49.5805,31.8172,23.4762,86.3937,51.6796
2019-03-15,24.1381,45.6348,23.9939,24.7673,69.6513,34.3226,49.8634,31.6825,23.5614,86.7874,52.0085
2019-03-18,24.195,45.2466,24.3277,25.0196,70.3321,34.4673,49.9345,31.5222,23.4722,86.6575,52.5165
2019-03-19,24.1648,45.3243,24.261,24.8247,70.0755,34.5386,49.9,31.4328,23.2044,87.3449,52.768
2019-03-20,24.1426,45.7314,24.4738,24.313,69.5959,34.4434,49.6909,31.5744,23.2654,86.7428,52.8448
2019-03-21,24.3999,46.3326,24.6464,24.2368,70.2637,35.3093,50.2718,32.1377,23.5118,87.081,53.5814
2019-03-22,23.6727,45.587,23.9792,23.5689,68.6724,34.4769,50.2116,31.9854,23.6831,85.4961,52.5165
2019-03-25,23.6279,45.5084,23.9909,23.465,68.8339,34.3268,50.3093,32.0138,23.7029,85.4485,52.8164
2019-03-26,23.7732,45.7314,24.3348,23.7451,69.2937,34.5152,50.7362,32.2104,23.8727,86.0336,53.0444
2019-03-27,23.7421,45.3999,24.1627,23.6421,69.37,34.3177,50.5627,32.1033,23.7072,85.3176,52.9327
2019-03-28,23.9733,45.2953,24.2538,23.8479,69.8802,34.458,50.8122,32.3717,23.4271,85.5349,53.257
2019-03-29,24.1825,45.3929,24.2174,23.9123,70.6323,34.7973,51.1484,32.3629,23.5532,86.5623,53.543
2019-04-01,24.5438,46.0818,24.536,24.4981,72.0928,35.2713,50.9738,32.2626,23.3915,86.6962,54.1233
2019-04-02,24.6261,46.3237,24.3681,24.4803,72.0641,35.3939,50.5548,32.5409,23.4236,86.4969,54.1143
2019-04-03,24.9495,46.4989,24.1333,24.5535,71.846,35.6807,50.3093,32.5064,23.3871,86.3848,54.4956
2019-04-04,25.2011,46.7607,24.3348,24.7029,72.289,35.5301,50.5025,32.4052,23.3065,86.2033,54.9362
2019-04-05,25.1932,46.8952,24.7633,24.7376,72.4971,35.6996,50.6751,32.6568,23.5242,86.7974,55.2611
2019-04-08,25.2011,46.8085,24.8733,24.7673,72.1839,35.8359,50.8821,32.4966,23.3586,86.7786,55.4642
2019-04-09,25.0179,46.935,24.569,24.5634,71.207,35.666,50.821,32.3973,23.4157,86.5524,54.9611
2019-04-10,25.0059,47.138,24.6604,24.6377,71.1881,35.9157,50.966,32.6568,23.3425,86.5811,55.2226
2019-04-11,24.9925,47.1679,24.6788,24.7861,71.7984,35.8699,51.0665,32.6126,23.4597,85.5159,55.2945
2019-04-12,25.3247,47.576,24.7448,25.2422,72.7478,36.1185,51.2293,32.7895,23.5688,84.7325,55.6328
2019-04-15,25.2059,47.5372,24.5989,25.0849,72.3444,36.1044,51.532,32.5939,23.5653,85.0716,55.7446
2019-04-16,25.3205,47.586,24.7599,25.4372,72.7864,36.2869,51.539,31.8261,23.2735,83.326,55.9911
2019-04-17,25.1632,47.6726,24.727,25.5035,72.8815,36.4893,51.7953,31.4957,23.1843,80.9299,56.1024
2019-04-18,25.1932,47.7024,24.6092,25.4274,73.7197,36.5927,51.8397,31.7454,23.1964,81.0617,56.0839
2019-04-22,25.0227,47.9155,25.1298,25.3532,73.4938,36.6762,51.8595,31.3955,23.1766,81.1103,55.8698
2019-04-23,25.1363,48.5535,25.0894,25.5124,74.1338,37.0772,51.6948,31.7542,23.2418,82.3908,56.548
2019-04-24,24.9808,48.3336,24.6491,25.4857,73.9179,37.0918,51.8043,31.9784,23.3915,82.2986,56.6019
2019-04-25,24.6627,48.8771,24.5729,25.5312,72.4297,37.082,51.4759,31.942,23.4877,83.1485,56.3015
2019-04-26,24.8667,49.2624,24.2538,25.7638,72.9766,36.9408,51.9423,32.1564,23.5242,83.9777,56.7516
2019-04-29,24.8182,49.7083,24.2324,26.0231,73.145,36.95,52.0045,31.8261,23.3871,83.8269,56.553
2019-04-30,25.0319,48.5934,24.2142,26.0617,73.4363,37.0112,52.6069,32.1918,23.7722,84.2148,56.4702
2019-05-01,24.5789,48.3425,23.7297,25.8449,72.9577,36.9179,51.96,32.1918,23.5288,84.062,55.7695
2019-05-02,24.4527,48.1484,23.3162,25.8747,72.9191,36.7247,51.9423,32.2547,23.4762,84.421,55.813
2019-05-03,24.6918,48.6133,23.5324,26.1072,73.8049,37.0723,52.3338,32.4779,23.6058,85.0618,56.4851
2019-05-06,24.3402,48.5347,23.5544,25.9321,73.0965,36.7864,52.251,32.3442,23.4762,85.4961,56.1303
2019-05-07,23.9122,47.7493,23.3495,25.5035,71.6201,35.9956,51.7312,31.7906,23.4031,83.8547,55.2795
2019-05-08,23.8905,47.6726,23.3495,25.4462,71.6201,35.9524,51.7214,31.7906,23.0832,84.0332,55.2995
2019-05-09,23.7041,47.5272,23.3495,25.3908,71.5151,35.7089,51.6139,31.8959,23.0552,83.8547,55.0709
2019-05-10,24.0257,47.6626,23.4598,25.558,71.7984,35.822,52.2431,32.2626,23.4681,83.8835,55.1543
2019-05-13,23.4857,46.1874,23.0572,24.8147,69.7554,34.472,51.751,32.2626,23.7187,82.3074,53.5185
2019-05-14,23.6861,46.4501,23.3386,25.0097,70.4817,35.0268,51.9955,32.3816,23.5614,82.724,54.0505
2019-05-15,23.6241,47.4884,23.4598,24.9167,70.5739,35.4079,52.4077,32.5939,23.5208,82.969,54.4237
2019-05-16,23.9554,47.9055,23.5881,25.1671,71.2248,35.7327,52.817,32.7797,23.6791,83.6206,54.9267
2019-05-17,23.811,47.5571,23.3495,24.9998,70.4332,35.4447,52.6424,32.7365,23.7997,83.4391,54.5056
2019-05-20,23.4719,46.7707,23.3605,25.0295,70.2558,34.8298,52.5162,32.2104,23.8331,83.4024,54.1193
2019-05-21,23.8336,47.2833,23.631,25.2888,71.0831,35.2575,52.4077,32.4779,23.8772,84.186,54.4956
2019-05-22,23.668,47.2355,23.266,25.1384,70.5005,35.0739,52.6424,32.6293,24.0555,84.6669,53.9387
2019-05-23,23.3064,46.5775,22.4852,24.7861,69.4264,34.458,52.6237,32.7895,24.2613,84.3734,53.267
2019-05-24,23.4377,46.5675,22.5698,24.982,69.4542,34.4673,52.4324,32.8358,24.2253,84.4974,53.3399
2019-05-28,23.2022,46.7707,22.3351,24.6931,68.8161,34.3681,51.5754,32.4966,23.8287,83.2894,52.9811
2019-05-29,23.2068,46.3138,22.1922,24.6465,68.504,34.1662,51.2027,32.121,23.5118,82.489,52.5215
2019-05-30,23.2457,46.4223,21.9102,24.5634,68.7685,34.3769,51.4206,32.3177,23.4762,82.9412,52.8548
2019-05-31,22.9838,45.7035,21.5249,24.1914,67.8253,33.8051,50.6919,32.5841,23.5858,82.3462,52.1727
2019-06-03,23.7079,44.267,21.7994,24.3496,68.287,33.2123,51.3289,32.7119,23.8203,82.5425,51.732
2019-06-04,24.3741,45.2187,22.1778,25.0097,69.917,34.3226,51.7953,32.5329,23.8417,83.9132,53.1313
2019-06-05,24.5529,45.2367,21.9322,25.1671,70.5937,34.7682,52.3881,33.2723,24.3514,84.545,53.3967
2019-06-06,24.8454,45.4298,22.3394,25.261,70.7165,35.1719,52.9333,33.3362,24.5012,84.9764,53.6677
2019-06-07,25.0679,46.1684,22.4415,25.2254,71.2793,35.8269,53.4452,33.4423,24.3175,85.8651,54.4427
2019-06-10,25.1101,46.1286,22.5065,25.4372,71.3764,36.1937,53.4639,33.3274,24.1526,86.121,54.9068
2019-06-11,25.0927,46.3237,22.5511,25.4462,70.7631,36.1937,53.6375,33.3893,24.0064,85.9772,55.1148
2019-06-12,25.1757,46.0997,22.2319,25.1958,70.9146,35.9913,53.7183,33.5132,24.3175,86.3937,55.0999
2019-06-13,25.3247,46.6153,22.4927,25.2798,71.2694,36.1001,53.8357,33.5594,24.3661,86.2886,55.5939
2019-06-14,25.215,46.702,22.3449,25.3362,70.988,35.7836,53.8633,33.7019,24.622,86.0912,55.7152
2019-06-17,24.985,47.2355,22.5333,25.1018,70.7443,35.8121,53.7085,34.0687,24.5533,86.4771,55.7396
2019-06-18,25.1799,47.4984,22.8442,25.4372,72.1195,36.4611,53.4156,33.9713,24.4525,87.2129,56.1643
2019-06-19,25.0406,47.5571,22.8183,25.3908,72.0641,36.5927,53.6375,34.1935,24.6389,87.9975,56.273
2019-06-20,25.3584,47.8577,23.3241,25.5035,73.2679,37.1291,54.1128,34.399,24.7967,88.3823,56.6638
2019-06-21,25.2794,48.0608,23.4941,25.4462,72.8795,36.9544,53.9382,34.0106,24.8947,88.8088,56.4013
2019-06-24,25.3759,48.1792,23.2829,25.3452,72.7368,37.0243,54.0743,33.8415,24.9031,88.3456,56.0934
2019-06-25,25.3898,47.2823,23.0985,25.2601,72.1889,36.3466,54.0467,33.3804,24.7516,87.9856,55.551
2019-06-26,25.345,47.0992,23.4527,25.2136,72.3692,36.7374,53.2736,32.7335,24.2125,86.8768,55.7296
2019-06-27,25.4292,47.4297,23.2793,25.4372,72.4356,36.831,53.3752,33.0039,24.2449,87.4847,56.0839
2019-06-28,25.6429,47.8866,23.5501,25.8014,73.2025,36.8262,53.3397,33.111,24.3394,87.7782,56.2486
2019-07-01,25.8409,48.2768,23.5717,26.1101,73.2679,37.4126,53.6611,33.0481,24.2778,88.2127,56.7466
2019-07-02,25.815,48.7228,23.1946,26.0448,73.1738,37.5105,54.1286,33.6597,24.6085,88.6868,56.8669
2019-07-03,25.9463,48.9767,23.2868,26.2526,73.581,37.799,54.8001,34.1453,24.7792,89.4455,57.3609
2019-07-05,25.8276,49.0443,23.32,26.3239,73.2867,37.728,54.5615,33.9585,24.7668,88.8286,57.4288
2019-07-08,25.5296,48.6053,23.3531,26.1933,72.6833,37.4399,54.6335,34.0844,24.8047,88.1651,57.4921
2019-07-09,25.2794,48.908,23.3725,26.2428,72.5209,37.5723,54.312,34.2653,24.8372,88.2513,57.5485
2019-07-10,25.2275,49.4644,23.6712,26.1468,72.3504,37.8698,54.6611,34.455,24.8947,88.5529,57.7566
2019-07-11,25.3363,49.4944,23.7198,26.2962,72.8418,38.0116,54.8001,34.0106,24.9031,88.5727,57.8794
2019-07-12,25.587,49.8527,23.8197,26.4753,74.119,38.2898,54.9569,33.8779,24.7391,87.5879,58.5416
2019-07-15,25.6049,49.8627,23.605,26.3239,73.8158,38.4178,55.0842,33.9211,24.8372,87.7782,58.7297
2019-07-16,25.6651,49.7431,23.3531,26.2616,74.2885,38.0578,55.1018,33.8681,24.6947,87.3419,58.6528
2019-07-17,25.4371,49.2763,23.0872,26.0359,72.7022,37.9591,55.0378,33.6971,24.7882,87.3587,58.0954
2019-07-18,25.5463,48.8791,23.0911,26.2328,72.8319,38.242,55.4057,33.6881,25.0043,87.8526,58.0236
2019-07-19,25.6049,48.247,23.1989,26.12,73.2302,38.0771,55.0575,33.1366,24.642,86.9432,57.6319
2019-07-22,25.5374,48.4311,23.3058,26.1764,73.2867,38.5164,54.735,33.1032,24.5877,86.7627,57.6663
2019-07-23,26.0648,48.6153,23.3682,26.4466,74.2151,38.7284,55.1305,33.4277,24.433,87.3042,58.0665
2019-07-24,26.0482,49.0443,23.4683,26.7187,74.5332,39.0499,54.7626,33.4001,24.4535,87.3499,58.3584
2019-07-25,25.858,48.9179,23.2015,26.5298,74.3835,38.8887,54.8376,33.2556,24.3923,86.9244,58.0331
2019-07-26,25.8895,50.3186,23.0837,26.8207,74.224,38.9741,55.453,33.3628,24.4821,87.2377,58.2995
2019-07-29,25.8025,50.0358,22.9916,26.6158,74.0902,38.9504,55.5525,33.4886,24.6085,87.5968,58.0141
2019-07-30,25.9732,49.8029,23.2499,26.5396,74.4123,38.7003,55.7163,33.8219,24.4201,87.2179,57.6119
2019-07-31,25.574,49.4057,23.1758,26.41,73.581,38.115,54.5891,33.6881,24.306,86.3561,56.9537
2019-08-01,25.4292,49.1697,22.6519,25.8113,72.1502,37.9223,54.3958,33.7698,24.5555,86.4691,56.1887
2019-08-02,25.1308,48.694,22.3259,25.8014,71.6885,37.303,54.4057,34.0294,24.5515,86.2697,55.7196
2019-08-05,24.658,47.1191,21.6607,24.9405,69.7039,35.7461,52.9906,33.3804,24.2004,84.2434,54.2241
2019-08-06,24.6876,47.799,21.6348,25.3452,70.7522,36.3418,53.4688,33.7944,24.5025,85.3325,55.052
2019-08-07,25.0296,47.8577,21.472,25.0067,70.7145,36.5676,54.0931,34.1119,24.5637,85.3603,55.2745
2019-08-08,25.5083,48.8214,22.0886,25.4857,71.9154,37.4636,54.7903,34.6497,24.8158,86.4979,56.3494
2019-08-09,25.306,48.2768,21.8448,25.3986,71.309,37.0389,54.4855,34.6428,24.8456,86.603,55.808
2019-08-12,24.9027,47.7592,21.592,24.9137,70.333,36.549,54.1226,34.6055,24.7949,85.7778,54.9991
2019-08-13,25.1789,48.461,21.7864,25.2234,71.1693,37.4685,54.735,34.633,24.8127,86.8768,55.9033
2019-08-14,24.381,46.7378,20.9326,24.2874,68.9944,36.3175,53.8711,34.0933,24.6085,84.4617,54.1572
2019-08-15,24.3893,46.8154,20.8027,24.409,68.9172,36.2511,54.6798,34.5721,24.9263,84.7553,54.0654
2019-08-16,24.8195,47.4197,21.0762,24.8395,70.2518,36.9403,55.305,34.8139,25.0528,85.7966,54.6802
2019-08-19,25.0156,48.1594,21.5428,25.0909,70.9137,37.5015,55.8563,35.1304,25.2124,86.6209,55.3708
2019-08-20,24.7233,47.8379,21.3609,24.7535,70.4975,37.3126,55.2488,34.866,25.1714,85.883,55.3858
2019-08-21,24.8504,48.023,21.4975,24.8663,70.9335,37.7509,55.3967,35.0105,25.3394,86.5157,56.4602
2019-08-22,24.6831,47.9155,21.4015,25.0365,71.0345,37.6625,55.6916,35.1816,25.3636,86.0912,56.4751
2019-08-23,24.0876,46.6035,20.6848,24.3992,69.1351,36.4156,54.7626,34.7412,25.0944,84.1016,54.9611
2019-08-26,24.1667,47.3013,20.7731,24.6327,69.6464,36.9214,55.4431,35.0646,25.3836,84.9814,55.5026
2019-08-27,24.1842,47.3899,20.6446,24.4833,69.2867,36.8641,55.2872,34.9476,25.4291,84.4805,55.2321
2019-08-28,24.3723,47.5074,20.939,24.7089,70.1399,36.8981,55.8198,35.0479,25.3595,85.0964,55.9178
2019-08-29,24.6831,48.247,21.2465,25.0839,71.3378,37.5387,55.8464,35.2996,25.5346,85.7391,56.7701
2019-08-30,24.8504,48.1882,21.2465,25.1661,71.6321,37.5295,55.7735,35.3094,25.5432,85.8442,56.4312
2019-09-03,24.6534,47.7124,21.1426,24.9049,70.6581,37.0723,56.0949,35.8138,25.9954,85.3414,56.1937
2019-09-04,24.9555,48.6352,21.4382,25.1463,71.5547,37.7039,56.6008,36.1087,26.0212,85.3989,56.7566
2019-09-05,24.9949,49.4644,21.7055,25.6619,72.8418,38.4927,56.2508,35.7961,25.7392,86.242,57.8295
2019-09-06,25.0914,49.356,21.8194,25.652,72.9945,38.4597,56.4342,35.8374,25.6368,86.4781,57.9762
2019-09-09,24.96,49.5122,22.2559,26.0448,73.2114,38.1727,56.304,35.57,25.5106,85.6836,58.1992
2019-09-10,25.2049,49.5789,22.5182,26.1379,73.8813,37.9781,55.9559,35.0479,25.5432,85.9296,57.9662
2019-09-11,25.4459,49.8427,22.5394,26.2882,74.5718,38.3746,56.1591,34.9663,25.7958,86.7815,58.0715
2019-09-12,25.6429,49.9891,22.3996,26.4288,74.6194,38.5814,56.3898,35.1728,25.8533,86.7548,58.3534
2019-09-13,25.9243,49.9025,22.5763,26.6336,75.0256,38.299,56.0664,34.75,25.6902,86.7071,58.2362
2019-09-16,25.4991,49.7133,23.3354,26.5396,74.9592,38.2053,55.525,35.1108,25.7111,86.5157,57.4921
2019-09-17,25.7059,49.7631,23.0096,26.5693,74.9236,38.3611,55.8277,35.6054,25.9349,86.6496,57.8345
2019-09-18,25.7188,49.7033,22.8993,26.6613,74.8097,38.3563,55.9214,35.4972,26.0444,86.6397,57.8045
2019-09-19,25.7613,49.7531,22.8391,26.5396,74.4321,38.4406,55.9115,35.6152,26.1678,87.0493,57.6468
2019-09-20,25.7012,49.4346,22.8585,26.3812,73.9555,37.9907,55.734,35.4608,26.2709,87.5333,56.9881
2019-09-23,25.6383,49.2564,22.8659,26.4278,73.8129,38.1095,55.9559,35.5876,26.2748,87.0672,57.1922
2019-09-24,25.4181,48.5157,22.5035,26.1745,73.3937,37.7398,56.1876,35.5405,26.5828,86.2668,56.5869
2019-09-25,25.5498,49.0703,22.5407,26.3912,73.8683,38.1907,56.2252,35.5061,26.5666,85.8492,57.0939
2019-09-26,25.494,48.5924,22.2467,26.2694,73.9744,38.232,56.5397,35.8492,26.7062,85.3731,56.8569
2019-09-27,25.4228,48.0469,22.2433,26.3714,73.6781,37.7208,56.4736,35.6152,26.6122,84.9923,56.6538
2019-09-30,25.6383,48.2928,22.0821,26.3051,73.7841,38.1189,56.7527,35.6604,26.6283,85.753,57.1383
2019-10-01,25.035,47.804,21.5713,25.7519,72.0155,37.7636,56.6038,35.3507,26.5666,84.9169,56.6638
2019-10-02,24.5864,47.0833,21.0417,25.2264,70.6571,37.0534,55.4678,35.1364,26.2129,83.6801,55.6373
2019-10-03,24.6737,47.5412,21.2689,25.3294,71.1247,37.5077,55.8563,35.5503,26.2748,84.4319,55.9083
2019-10-04,24.8051,48.1842,21.4036,25.7975,71.8649,38.1286,56.734,35.7135,26.6403,85.753,56.4457
2019-10-07,24.7177,48.1842,21.213,25.6668,71.5023,37.9671,56.2724,35.6525,26.5374,85.4683,56.1937
2019-10-08,24.2852,47.4038,20.8516,25.1592,70.3994,37.2714,55.734,35.4795,26.2908,83.8408,55.5989
2019-10-09,24.5596,47.6875,21.0417,25.3927,70.9979,37.8263,56.161,35.5876,26.4183,84.4508,56.0744
2019-10-10,24.7839,47.9593,21.3066,25.6569,71.6459,38.0859,56.2724,35.6781,26.3894,84.8683,56.4552
2019-10-11,25.2637,48.5257,21.5933,25.9765,72.9964,38.611,56.2162,35.5601,26.2908,85.5725,57.0844
2019-10-14,25.0842,48.4192,21.5829,26.0141,72.8527,38.5868,55.9391,35.6152,26.1224,85.5349,57.0555
2019-10-15,25.2595,49.2465,21.6724,26.3912,73.4423,39.014,55.6995,35.6427,26.0391,87.0939,57.5535
2019-10-16,25.3132,49.335,21.3693,26.3229,73.4037,38.7431,55.7537,35.5956,26.0976,86.9818,57.79
2019-10-17,25.3788,49.6257,21.3855,26.3417,73.7643,38.6678,56.0121,35.8304,26.1635,87.6275,57.9467
2019-10-18,25.3353,49.0523,21.273,26.409,73.1272,38.2984,56.1235,36.1755,26.249,87.3052,57.8295
2019-10-21,25.2547,49.345,21.654,26.7761,73.5662,38.7111,56.3069,36.4213,26.3523,87.209,58.0381
2019-10-22,25.1498,48.8682,21.9332,26.6999,74.1448,38.1907,56.3267,36.3132,26.4634,87.3985,57.6613
2019-10-23,25.3083,49.2465,22.1155,26.8137,74.1348,38.2223,56.586,36.3771,26.571,87.941,57.4088
2019-10-24,25.388,48.691,22.0229,26.7761,74.2389,38.781,56.7794,36.2405,26.6607,87.4956,57.3804
2019-10-25,25.6646,49.0703,22.2021,26.9057,74.7066,39.2499,56.445,35.797,26.3894,87.5898,57.3115
2019-10-28,25.7434,49.5312,22.0748,27.0463,74.9166,39.7479,56.3365,35.4156,26.0279,88.4944,57.4921
2019-10-29,25.9031,49.0802,22.1645,27.1126,75.1634,39.3877,56.3365,35.5061,26.0521,89.75,57.1623
2019-10-30,25.9252,49.2185,21.7132,27.0928,75.4279,39.6284,56.595,35.7695,26.2833,90.2548,57.5156
2019-10-31,25.6337,49.3649,21.6201,26.9631,74.6204,39.6056,56.5111,35.6525,26.4269,90.1477,57.2112
2019-11-01,25.9949,49.6845,22.1129,27.358,76.2463,40.0785,56.5023,35.5601,26.3608,90.2647,57.577
2019-11-04,26.198,49.9612,22.833,27.5916,77.1291,40.2861,55.9559,35.161,26.0244,89.9871,57.6069
2019-11-05,26.2425,49.9801,22.8615,27.6964,77.2916,40.2396,56.1423,34.5563,25.7561,89.3483,57.6957
2019-11-06,26.2253,49.8029,22.3957,27.8369,77.3372,40.2201,56.374,34.6812,25.8552,89.6538,57.7566
2019-11-07,26.4002,50.1154,22.7317,28.0447,77.6037,40.5372,56.1788,34.3085,25.5052,89.8522,57.4238
2019-11-08,26.5061,50.2509,22.639,28.0359,77.7118,40.7642,56.1423,34.2456,25.3982,90.5118,57.4437
2019-11-11,26.4683,50.018,22.5113,27.9587,77.7474,40.7838,56.0594,34.3085,25.2423,90.1378,57.3265
2019-11-12,26.6029,50.0756,22.3957,27.9963,77.7375,40.9216,56.2428,34.0834,25.3037,90.6823,57.2875
2019-11-13,26.4497,50.0558,22.2983,27.8172,77.4155,41.0105,56.6679,34.4285,25.6781,90.7874,57.1039
2019-11-14,26.6117,50.2797,22.2392,27.8745,77.6622,40.9639,56.6501,34.7716,25.769,90.7973,57.3559
2019-11-15,26.5898,50.7008,22.4108,27.9487,78.231,41.2953,56.6679,34.9436,25.8506,92.7284,57.4582
2019-11-18,26.5244,50.876,22.1385,28.0061,77.9387,41.4182,56.9648,35.1364,25.905,92.413,57.6468
2019-11-19,26.4683,50.9059,21.8098,28.0635,77.8713,41.4983,56.8907,35.2072,25.8386,93.0428,57.0171
2019-11-20,26.137,50.5933,22.0302,27.9309,77.254,41.2473,57.02,35.2249,25.994,92.9159,56.8863
2019-11-21,26.0921,50.7297,22.3922,27.9023,77.2243,41.0391,56.734,34.7539,25.905,93.1568,56.5725
2019-11-22,26.137,50.7486,22.3182,28.1081,77.6236,40.9867,56.6403,34.5563,25.9125,93.4871,56.9492
2019-11-25,26.3087,50.9059,22.3402,28.2882,78.1864,41.5828,56.7053,34.5809,25.8261,94.5841,57.4582
2019-11-26,26.441,51.0701,22.1346,28.2605,78.4133,41.6215,57.1659,35.0607,25.9125,94.5057,57.8444
2019-11-27,26.5462,51.4316,22.1908,28.3724,78.337,41.853,57.304,35.1698,25.958,94.9908,58.3434
2019-11-29,26.4497,51.2573,21.967,28.3238,77.9743,41.7313,57.2882,35.0351,25.933,94.6585,57.9662
2019-12-02,26.1847,50.7686,21.967,28.1457,76.6932,41.1338,57.4183,34.3901,25.7649,94.241,57.4921
2019-12-03,26.0172,50.671,21.6387,27.7519,75.8559,40.7692,57.3227,34.6714,25.8341,94.0296,56.9063
2019-12-04,26.0741,50.9348,21.9628,28.0161,76.1512,40.9362,57.7053,34.8523,26.0323,94.9064,57.2302
2019-12-05,26.2069,51.1498,21.8583,28.1457,76.1711,41.087,57.6856,34.9073,26.0778,94.9064,57.1723
2019-12-06,26.4756,51.4494,22.2766,28.5238,77.0915,41.541,57.9065,34.9162,25.9986,95.5373,57.6219
2019-12-09,26.4229,51.2573,22.2501,28.4574,76.7962,41.3232,57.9518,34.9614,25.9086,94.8688,57.6957
2019-12-10,26.2647,51.0801,22.2943,28.4664,76.7031,41.356,57.7665,34.7176,25.905,95.078,57.5919
2019-12-11,26.4637,51.315,22.2571,28.401,77.1876,41.6361,57.8523,34.456,25.975,95.1633,57.7436
2019-12-12,26.8323,51.3738,22.6677,28.9552,77.8713,42.0812,57.8049,34.0372,25.8635,96.049,58.2556
2019-12-13,26.6255,51.2573,22.4969,28.8493,77.6622,42.3598,58.0091,34.0746,26.065,95.9816,58.309
2019-12-16,26.7394,51.764,22.7988,28.9552,77.6236,42.7388,58.2112,34.3361,26.3894,97.012,58.5615
2019-12-17,26.7804,51.7153,22.8135,29.0671,77.5483,42.6394,58.1205,33.9664,26.4763,96.9168,58.823
2019-12-18,26.7438,52.0636,22.8998,28.9453,77.2243,42.6346,58.0268,34.4472,26.5828,97.0418,58.8804
2019-12-19,26.8369,52.5425,22.8915,28.9354,77.4353,42.9428,58.3424,34.7716,26.5909,97.4187,59.0645
2019-12-20,26.9659,52.7098,23.1177,28.9749,77.787,43.1893,58.7793,35.0381,26.7739,97.7102,59.1558
2019-12-23,27.0409,52.5724,23.3561,28.9077,78.4271,43.3128,58.5278,34.8257,26.5251,98.1159,59.0151
2019-12-24,27.0713,52.5624,23.3442,28.9749,78.1121,43.3263,58.6007,34.8719,26.5623,97.985,59.1509
2019-12-26,27.1917,52.9625,23.337,29.1333,78.2934,43.65,58.658,35.0823,26.6077,97.9156,59.8769
2019-12-27,27.0895,52.866,23.2389,29.0591,78.225,43.6452,58.9183,35.2111,26.6862,97.9454,59.8724
2019-12-30,27.0047,52.3215,23.1654,28.9749,77.8634,43.3937,58.6096,35.1836,26.6822,97.3503,59.4902
2019-12-31,27.2052,52.4151,23.2966,29.0681,77.8158,43.5307,58.6678,35.4313,26.7855,97.5456,59.572
2020-01-02,26.886,53.0323,23.5066,29.35,79.2882,44.3481,58.2003,35.0193,26.45,97.8074,60.2741
2020-01-03,26.4519,52.6908,23.4361,29.0393,79.1346,43.8491,58.1086,35.2759,26.5038,96.9536,59.7661
2020-01-06,26.3373,53.3946,23.619,29.0205,79.1634,43.954,58.2299,35.2858,26.5294,97.5556,59.9358
2020-01-07,26.3054,53.4623,23.5574,28.8325,79.0009,43.935,57.7803,34.9014,26.4918,97.3601,59.8385
2020-01-08,26.3979,53.8426,23.1689,29.0205,79.2684,44.4048,57.9982,35.0735,26.4799,98.0078,60.0171
2020-01-09,26.4951,54.1263,23.3394,29.2006,79.6023,44.9077,58.4045,35.0636,26.6246,98.4343,60.3315
2020-01-10,26.3891,53.9112,23.2074,28.9839,79.0385,44.8039,58.368,35.4038,26.6951,98.4641,60.0087
2020-01-13,26.7301,54.4189,23.2153,29.1818,79.6894,45.364,58.7497,35.8334,26.8561,98.1159,60.1928
2020-01-14,26.6195,54.2835,23.2197,29.1244,79.6984,45.151,58.7693,35.6604,26.9353,98.705,60.1728
2020-01-15,26.8017,54.5474,23.0481,28.9651,79.8203,45.2029,59.1885,35.9081,27.3123,99.5382,60.0421
2020-01-16,26.9619,54.9665,23.0876,29.2194,80.614,45.8106,59.3463,36.2277,27.482,100.064,60.574
2020-01-17,27.0807,55.3975,22.9402,29.3035,80.6238,46.1187,59.4508,36.2739,27.6723,100.064,60.7821
2020-01-21,26.7893,55.3488,22.5287,29.0591,79.735,46.0999,59.6539,36.6407,27.9254,100.163,60.598
2020-01-22,26.6823,55.3188,22.3112,29.1432,79.3159,46.2665,59.7013,36.3476,28.0134,100.292,60.574
2020-01-23,26.6509,55.0959,22.2264,29.0681,80.176,46.4853,59.6451,36.6947,28.2615,99.7761,60.6614
2020-01-24,26.4613,54.4289,21.9705,28.6999,79.8024,46.2665,59.2358,36.6407,28.336,98.1347,59.8235
2020-01-27,25.889,53.5797,21.3609,28.2565,78.2934,45.1645,59.0484,36.4862,28.2655,97.3701,58.9233
2020-01-28,26.1809,54.1959,21.4579,28.5851,78.8007,46.029,59.1234,36.5767,28.3814,97.857,59.5086
2020-01-29,26.2661,54.1064,21.2328,28.5396,79.2188,46.148,58.8256,36.3841,28.4563,97.5853,59.4762
2020-01-30,26.1017,53.5599,21.4033,28.8978,79.306,46.5465,59.5237,36.4666,28.7211,96.8792,59.3739
2020-01-31,25.5259,52.6908,20.7358,28.2932,77.472,45.2689,58.8532,35.9445,28.5934,94.9451,59.5281
2020-02-03,26.0619,53.315,20.4647,28.493,77.4442,45.8675,58.8532,35.9819,28.6846,95.809,59.9508
2020-02-04,26.5224,53.8724,20.5386,28.7662,78.9047,47.0679,59.2082,36.4489,28.3983,97.4871,61.0341
2020-02-05,27.0136,53.961,21.3101,29.3421,80.2225,47.344,59.6835,36.4204,28.5142,99.3597,61.343
2020-02-06,27.0011,54.635,21.0936,29.3035,80.4811,47.7809,59.7851,36.5767,28.5228,99.4489,61.2023
2020-02-07,26.6149,54.5962,20.9458,29.2006,79.8995,47.3392,59.8591,36.5954,28.4318,98.6822,60.9368
2020-02-10,26.602,54.9187,20.8409,29.2857,80.3473,47.9779,60.1125,37.0172,28.5396,99.2109,61.6289
2020-02-11,26.7481,54.8599,21.0736,29.3886,80.6536,47.8231,59.8867,37.4655,28.6435,99.7861,62.113
2020-02-12,26.8948,55.5737,21.3565,29.4084,81.4076,48.3366,59.8591,37.7034,28.6631,99.9156,62.7467
2020-02-13,26.7972,55.5837,21.2905,29.3985,80.9498,48.2075,60.2121,37.9335,28.9831,99.4489,62.6399
2020-02-14,26.8017,55.6513,21.1785,29.4371,80.8427,48.4192,60.3532,38.373,29.1774,99.5184,62.5486
2020-02-18,26.7347,56.0237,21.0043,29.1818,80.3871,48.2367,60.1392,38.3346,29.422,99.1811,62.5436
2020-02-19,26.8051,56.2765,21.283,29.3985,80.3573,48.8124,60.0741,37.7959,29.1034,99.6178,62.8196
2020-02-20,26.8504,55.7001,21.2599,29.3421,80.2414,48.3026,60.1204,38.2167,29.2072,98.9927,62.844
2020-02-21,26.7254,54.85,21.0079,29.0591,79.8401,47.2212,60.222,38.4182,29.1533,99.0522,61.8894
2020-02-24,25.9738,53.0123,20.0374,28.1121,77.5681,45.2689,58.8354,37.906,28.8128,95.934,59.7611
2020-02-25,24.8532,51.5958,19.153,27.1621,74.4063,43.8204,57.7714,36.9522,28.2075,93.019,58.1598
2020-02-26,24.7686,51.4962,18.5753,26.9631,73.8435,44.0201,57.4449,36.6307,27.922,93.0091,57.6957
2020-02-27,23.6084,49.4664,17.5817,25.8103,71.1019,41.6463,55.1088,34.5622,26.6657,89.8472,55.3663
2020-02-28,23.3511,49.6098,17.5659,25.1107,69.801,41.9641,54.0171,33.7088,25.7754,88.6908,55.0086
2020-03-02,24.3518,51.332,18.2757,26.3972,72.2562,44.3907,56.9075,35.3842,27.2917,92.8475,56.9013
2020-03-03,24.1389,49.6387,17.7176,25.4026,70.4906,42.705,56.1335,35.3576,26.9564,90.5394,55.5275
2020-03-04,25.1406,51.4286,18.1362,26.2457,73.4027,44.5379,58.8897,36.732,28.4856,95.7594,57.4487
2020-03-05,24.344,49.553,17.4726,24.9791,69.8109,43.1326,57.7803,35.8895,28.0457,93.5357,55.2995
2020-03-06,23.7097,48.692,16.4912,24.129,69.2005,42.2206,57.3237,35.2759,27.8181,93.0388,54.4517
2020-03-09,21.4909,45.4477,13.1695,21.5423,62.8206,39.0155,54.8297,32.7817,26.3051,88.2018,51.0155
2020-03-10,22.3634,47.7631,13.794,22.8089,66.0765,41.6171,56.4036,34.3764,26.5494,91.2278,53.8429
2020-03-11,21.3005,45.7115,13.0649,21.5699,62.2003,39.6513,53.6375,32.5369,25.2152,87.7426,50.8952
2020-03-12,19.2496,41.4209,11.4348,19.2365,55.7619,35.7811,48.5983,29.7418,22.67,81.1917,45.7565
2020-03-13,20.6009,45.1451,12.4902,21.7689,60.1166,39.979,52.7322,32.353,23.9049,86.8222,48.5869
2020-03-16,18.3323,40.0532,10.7911,18.7833,53.2968,34.4565,49.1554,27.1757,21.1901,78.2619,42.4324
2020-03-17,19.4666,41.7922,10.8641,19.8045,55.754,36.8024,53.3012,28.8244,23.901,83.1753,44.0661
2020-03-18,18.2222,40.4046,9.30448,18.1222,51.6451,35.4156,51.9334,26.8011,22.8604,80.4161,41.5356
2020-03-19,18.6866,41.1292,9.93828,18.5191,51.6817,35.5443,50.2018,26.3773,21.5296,78.7696,42.983
2020-03-20,18.0186,39.3096,10.0345,17.857,49.0936,33.9148,46.9475,24.8849,19.8222,75.7417,41.7055
2020-03-23,17.0994,39.5195,9.35039,16.819,46.9445,33.6051,45.56,23.5026,18.8108,71.8081,41.7747
2020-03-24,19.1104,41.9496,10.8501,18.906,52.8836,37.0467,47.8823,25.5515,20.833,77.3425,45.6921
2020-03-25,19.5569,41.3015,11.3618,19.4195,55.6648,36.9994,47.7531,26.6861,21.3646,78.3719,46.4945
2020-03-26,20.4752,43.6548,12.0554,20.6387,59.1793,39.2906,50.3664,28.7369,23.1852,83.5779,48.4176
2020-03-27,19.7354,41.9107,11.2389,20.0104,56.6853,37.5145,50.1307,28.8106,23.3108,81.7877,46.7949
2020-03-30,20.3635,43.4398,11.3539,20.3913,57.5117,39.0949,52.0902,29.5579,24.1741,85.6181,47.7759
2020-03-31,20.0828,43.3601,11.5285,19.8302,56.8003,38.3651,51.0301,28.616,23.1977,85.2422,46.8095
2020-04-01,19.1775,41.637,10.9569,18.619,54.24,36.537,50.1702,26.8807,21.8041,82.0009,44.719
2020-04-02,19.4676,42.1646,11.9605,19.087,54.9623,37.3912,51.4531,27.2779,22.4868,84.2702,44.8855
2020-04-03,18.9994,41.3115,11.8341,18.7051,54.2311,36.8132,51.8545,27.0459,21.6825,83.5105,44.1028
2020-04-06,20.4126,44.0381,12.4601,20.048,57.9834,39.9542,53.7844,29.0034,23.3577,87.8884,47.7759
2020-04-07,20.9562,44.3596,12.7268,20.2478,57.8496,39.5964,53.1671,29.0132,23.0644,87.1663,48.4806
2020-04-08,21.9828,45.3113,13.5759,21.1356,59.9481,40.6615,53.955,31.1909,24.3199,90.7567,50.0154
2020-04-09,22.9273,45.6438,13.4523,22.2666,60.8528,40.6711,54.4589,32.7974,25.4674,91.2566,50.9102
2020-04-13,22.4235,45.7125,13.4087,21.4571,59.0723,40.7606,54.0565,31.2942,24.6593,90.4582,50.8952
2020-04-14,22.7137,47.0673,13.3448,21.5531,60.1978,42.4698,56.3523,32.3363,25.3836,93.4614,52.8898
2020-04-15,21.6696,46.6243,12.7182,20.6199,58.5333,41.5439,55.4628,31.0896,24.5466,92.9803,51.732
2020-04-16,21.5456,46.8105,12.1749,20.2578,58.0121,42.0497,55.8267,30.8862,24.5511,95.0096,52.3568
2020-04-17,22.4102,47.4476,13.4682,21.3255,60.7378,42.6084,56.6797,31.8841,25.3421,96.9833,53.8953
2020-04-20,21.8578,47.0176,13.048,20.9524,59.1199,41.926,55.5653,30.7033,24.3831,96.2156,52.9521
2020-04-21,21.318,45.5363,12.8178,20.2766,57.7247,40.1687,54.385,30.2491,23.9812,93.2878,51.5823
2020-04-22,21.7373,46.7617,13.2736,20.4963,58.3312,41.7162,54.9086,30.777,24.6808,94.7111,52.6911
2020-04-23,21.8879,47.0962,13.7017,20.4101,58.7928,41.4298,54.4225,30.425,24.2655,95.2308,52.6767
2020-04-24,22.2321,47.6935,13.7345,20.7061,59.2655,42.3079,55.0043,30.5351,24.4161,96.5141,53.5764
2020-04-27,22.8246,48.0837,14.032,21.4106,60.7378,42.6704,55.1631,31.4219,24.6718,97.75,54.5734
2020-04-28,23.2489,47.2127,14.3529,21.6393,61.8753,42.1026,55.4726,31.4505,24.7633,95.7792,54.791
2020-04-29,23.8414,49.4973,15.4163,22.2666,63.0564,43.8302,55.238,31.533,24.5376,96.4169,55.9961
2020-04-30,23.1325,49.2803,15.0747,21.7045,61.8059,43.6345,54.5812,31.3118,23.9725,95.9726,55.6468
2020-05-01,22.6462,48.5934,14.2219,21.0098,59.9383,42.4361,53.9816,30.3523,23.3956,94.1448,53.5714
2020-05-04,22.7267,48.8801,14.7138,20.8198,59.1793,43.0,53.955,30.3336,23.5707,94.0962,53.8573
2020-05-05,22.7849,49.1319,14.7257,20.7525,59.4092,43.5908,53.9994,30.5253,23.7633,96.1383,54.0554
2020-05-06,22.3922,48.9976,14.3407,20.3052,58.5907,43.9312,53.4106,29.963,22.9553,95.1842,54.0455
2020-05-07,22.8515,49.9194,14.7138,20.7803,59.2754,44.5904,53.2608,30.2304,23.0474,95.1742,54.8973
2020-05-08,23.3998,50.8282,15.3847,21.2286,60.7478,45.2432,54.4501,30.7868,23.5118,95.6661,55.9617
2020-05-11,23.0435,50.8581,15.1147,20.8198,59.9879,45.5436,54.3751,30.4152,23.4117,97.3017,55.8354
2020-05-12,22.6914,49.8696,14.8484,20.2766,58.3014,44.6043,53.9165,29.1253,23.2065,95.8288,54.6168
2020-05-13,22.214,49.0175,14.1742,19.6759,56.8399,43.835,53.4274,28.6623,23.0101,94.7894,53.6777
2020-05-14,22.486,49.5451,14.3328,20.1826,57.4364,44.3937,53.2973,28.6986,23.2566,95.8288,54.4761
2020-05-15,22.6822,50.23,14.2777,20.048,57.2333,44.618,53.7656,28.5974,22.9472,96.6371,55.1099
2020-05-18,23.7161,51.2902,15.4433,21.0772,61.0074,45.7111,54.6187,29.9915,23.8898,97.4286,57.2017
2020-05-19,23.4895,51.2802,15.0116,20.5625,60.2276,45.5436,53.6168,29.4104,23.4958,96.2623,56.9926
2020-05-20,23.8643,52.7018,15.6108,21.0188,61.3541,46.5421,54.2539,29.6867,23.6251,96.3803,57.7342
2020-05-21,23.6356,52.3305,15.3607,20.9524,61.4978,45.8926,53.6542,29.5392,23.3867,95.6661,57.9417
2020-05-22,23.6014,52.642,15.2657,20.8782,61.4493,46.0586,53.8416,30.1852,23.6465,95.8685,57.8544
2020-05-26,24.2471,52.7914,15.69,21.9618,64.0304,46.0121,54.1315,31.1467,23.8006,95.6939,58.7741
2020-05-27,24.492,53.1627,15.8921,22.9148,66.1666,46.2747,54.9471,31.8103,24.0858,96.6848,59.7851
2020-05-28,24.7195,52.662,15.4477,22.5536,65.5415,46.1844,55.4342,32.1702,24.798,97.9454,59.0545
2020-05-29,24.7242,52.9447,15.3765,22.2953,65.1371,46.7659,55.4894,31.9844,24.9901,99.1315,59.2721
2020-06-01,24.8934,53.5539,15.6462,22.5536,65.2808,46.7518,55.874,32.6224,25.2872,98.1546,59.8385
2020-06-02,25.3437,53.7689,16.0827,22.7337,66.129,47.1915,56.025,32.8348,25.4504,98.7249,60.341
2020-06-03,25.9192,53.9362,16.5551,23.5808,68.7081,47.5585,56.0989,33.6184,25.7561,98.5434,61.4837
2020-06-04,26.0126,53.534,16.558,24.0954,69.4394,47.1671,55.8267,32.9931,25.2958,97.74,61.1738
2020-06-05,26.6778,54.405,17.788,24.9899,71.9897,48.4094,56.6048,34.2014,25.6183,99.3101,62.6399
2020-06-08,26.713,55.4264,18.5892,25.4679,73.4333,48.6522,57.2142,34.9476,26.3046,99.9943,63.5945
2020-06-09,26.3873,55.288,17.8913,24.9247,71.6053,48.8752,56.7458,34.5435,25.7776,98.9629,63.0955
2020-06-10,26.0884,55.1238,17.0104,23.9905,69.8922,49.6906,56.587,33.8966,25.6269,98.8142,62.5102
2020-06-11,24.0737,52.5823,15.4079,22.0291,64.9826,46.847,54.4401,31.8005,24.6265,93.3166,59.2332
2020-06-12,24.5415,53.0442,15.7971,22.6941,66.244,47.4532,54.4501,32.8073,24.5632,93.9235,59.8235
2020-06-15,24.8006,53.8974,15.844,23.0098,66.8989,47.9114,55.0782,33.2221,24.7307,94.1348,60.3854
2020-06-16,25.3177,54.3393,16.3006,23.372,68.2067,48.9292,55.9401,33.7766,24.8439,96.4567,61.6574
2020-06-17,25.1077,54.405,15.7452,23.0197,67.7163,48.9192,55.8563,33.3794,24.7677,96.3605,61.4932
2020-06-18,25.1253,54.5842,15.9393,22.99,67.4676,49.1425,56.1463,32.9645,24.7633,96.0292,61.2662
2020-06-19,25.0498,54.4349,15.6979,22.8376,66.6382,48.8025,55.8563,32.6322,24.0686,96.9536,60.7866
2020-06-22,25.1428,54.5564,15.7705,22.7247,66.7512,49.7204,55.6975,32.5409,24.3037,96.5776,61.4159
2020-06-23,25.2006,54.9097,15.7872,22.8307,66.7602,50.0851,55.6107,32.418,24.0586,96.9932,61.9039
2020-06-24,24.4657,53.6723,14.9106,22.0252,64.4386,48.9482,54.6759,31.5901,23.8399,94.4651,60.5351
2020-06-25,24.7709,53.9072,15.1963,22.6109,65.155,49.579,55.0634,31.9254,23.5435,95.3944,60.6169
2020-06-26,24.4305,51.5301,14.6692,21.6431,63.9472,48.6083,53.9412,31.3777,23.2948,94.234,59.1993
2020-06-29,24.9045,52.4827,14.8664,21.8827,66.0447,49.1325,54.9599,31.9155,23.7339,95.085,60.317
2020-06-30,25.2632,53.0731,15.2076,22.1786,66.4233,50.0157,55.3642,32.3825,23.8224,96.7046,61.0915
2020-07-01,25.3177,54.3881,14.838,21.9866,66.123,50.0996,55.4125,33.2644,24.3795,97.4485,61.7113
2020-07-02,25.7932,54.2129,15.0025,22.0152,66.6938,50.3901,55.6975,33.1524,24.4438,98.1943,61.9533
2020-07-06,26.1604,55.301,15.047,22.4358,67.6508,51.2738,55.9687,33.1917,24.1433,99.1811,63.4199
2020-07-07,26.1689,55.1466,14.569,21.9776,66.3539,50.7346,56.4795,32.651,24.0467,98.3321,62.4274
2020-07-08,25.7975,55.6365,14.5577,22.2072,66.3539,51.5599,56.3385,32.6322,24.2609,98.3421,63.0905
2020-07-09,25.5546,55.7031,13.8372,21.7381,64.9132,51.7496,55.8938,32.5221,23.9366,97.5556,63.0227
2020-07-10,25.9987,56.6678,14.2805,22.4843,65.7544,51.7346,56.9243,32.5585,24.3885,97.3215,63.7732
2020-07-13,25.9987,55.5289,14.2029,22.5833,66.0249,50.6617,56.8375,32.0463,24.4134,97.8769,62.9648
2020-07-14,26.6537,56.0794,14.7011,22.6951,67.4577,51.2493,57.6688,32.3629,24.642,99.806,63.5896
2020-07-15,27.102,56.4109,15.0196,23.1474,69.1767,51.5204,57.7172,32.5123,24.5444,101.135,64.4943
2020-07-16,27.1917,56.5104,14.9509,23.1474,69.1966,50.8894,57.8395,32.1289,24.8569,100.966,64.3241
2020-07-17,27.4211,56.382,14.7423,22.9553,69.6127,51.137,58.152,32.5752,25.4183,102.325,64.0292
2020-07-20,27.1826,57.06,14.4968,22.8495,68.7616,52.438,57.5653,32.2685,25.0849,102.305,65.0507
2020-07-21,27.4211,56.7852,15.3725,23.3008,69.6702,51.9193,58.0653,32.2773,25.1987,102.246,65.152
2020-07-22,27.7385,56.8429,15.184,23.3008,70.231,52.3267,58.5287,32.6696,25.5868,103.169,65.7094
2020-07-23,27.6529,55.9212,15.156,23.3196,70.019,50.9782,58.7349,32.5025,25.6167,102.692,64.7208
2020-07-24,27.5586,55.8316,15.0706,23.2622,69.4572,50.3562,58.6608,32.3727,25.4472,101.562,64.8381
2020-07-27,27.9584,56.2148,15.0873,23.0702,69.7475,51.152,58.9528,32.7522,25.1398,102.325,65.2393
2020-07-28,27.3439,55.6365,14.8306,23.0128,69.2649,50.5504,59.1697,33.4139,25.5195,102.216,64.5906
2020-07-29,27.5678,56.1451,15.1398,23.4452,70.3182,51.2888,59.2556,34.046,25.6376,103.297,65.2483
2020-07-30,27.0344,56.3034,14.5448,23.0226,69.6127,51.5693,59.2556,33.7688,25.6376,102.563,65.1954
2020-07-31,27.0614,57.0888,14.4763,23.0326,69.3511,52.8614,59.1984,33.7305,25.6804,101.988,65.5347
2020-08-03,26.9087,57.1386,14.5288,23.0988,69.6415,54.1664,59.0386,33.1917,25.401,103.039,65.3945
2020-08-04,27.2902,57.5019,14.8827,23.0028,69.8149,54.2982,59.7742,33.6833,25.6804,102.573,65.9264
2020-08-05,27.6896,57.4133,15.0388,23.3196,71.1515,54.4964,59.651,33.4315,25.3506,103.059,66.7253
2020-08-06,27.5726,58.9265,14.9189,23.3106,71.422,55.2687,59.6421,33.4974,25.4986,102.494,67.0542
2020-08-07,27.6664,58.8578,14.9387,23.8083,72.6387,54.438,59.9626,33.9526,25.959,102.831,67.1555
2020-08-10,27.9361,58.6597,15.4005,23.9806,74.4281,54.2882,60.2762,33.8975,25.9499,102.474,67.9539
2020-08-11,27.8861,57.7876,15.3484,24.2576,74.8245,53.3122,59.8591,33.2467,25.3885,101.839,67.8182
2020-08-12,28.0531,58.4746,15.5011,24.1934,75.0652,54.5209,60.6331,33.6645,25.7557,103.565,68.7194
2020-08-13,28.0484,58.7693,15.1998,24.0389,74.6689,54.5458,60.5878,33.2733,25.7138,103.426,68.6954
2020-08-14,28.0795,58.7593,15.3445,24.134,74.9582,54.5064,60.579,33.3568,25.4905,103.218,68.6905
2020-08-17,28.205,58.8279,15.2561,23.7311,74.6114,54.8713,60.9152,33.6557,25.4562,103.813,69.5752
2020-08-18,28.0879,59.3585,15.0637,23.5778,74.2062,55.0785,61.1637,33.6174,25.3426,103.793,70.0049
2020-08-19,28.0073,59.1893,14.8905,23.5679,74.01,55.0106,60.6805,32.9282,25.2664,103.465,69.6775
2020-08-20,27.9092,59.9269,14.569,23.3472,73.6156,55.744,60.5592,33.2831,25.0427,103.129,69.5707
2020-08-21,27.7469,59.6622,14.4763,23.3008,73.9159,56.4584,60.7101,33.3962,25.0849,103.237,69.929
2020-08-24,28.2358,60.3878,14.8744,23.8579,75.2475,56.9422,61.2288,33.4414,25.3041,102.751,70.9839
2020-08-25,28.1238,60.9572,14.6652,23.9231,75.1534,57.2243,61.0956,33.5446,25.0635,103.465,71.2209
2020-08-26,28.4196,63.0418,14.3564,23.8083,75.1911,58.3945,61.1736,33.3106,24.785,103.337,71.927
2020-08-27,28.3438,62.2752,14.3841,24.2112,75.4616,58.4429,61.5493,33.759,24.8648,104.141,71.5398
2020-08-28,28.6808,62.4216,14.6416,24.3062,76.1779,58.9521,62.0976,34.0176,24.9367,104.369,72.0094
2020-08-31,28.2405,62.128,14.3241,24.0192,75.2287,59.1414,61.9171,33.7206,25.0131,104.617,71.7963
2020-09-01,29.0342,62.6377,14.2274,24.0854,75.9936,60.2672,61.9842,33.6645,24.7257,103.684,72.5513
2020-09-02,29.6931,63.9735,14.1592,24.4318,77.251,60.8073,63.1074,34.4196,25.4941,105.767,73.5543
2020-09-03,28.8728,61.8034,14.0546,24.0578,75.0851,57.3361,62.0226,33.8415,25.2075,102.881,71.216
2020-09-04,28.891,60.6755,14.0106,24.2388,75.2575,56.5453,61.8806,33.7206,25.0635,102.147,70.3976
2020-09-08,28.3483,59.0728,13.501,23.6174,73.8475,53.9877,60.579,33.293,24.924,100.47,69.4734
2020-09-09,29.0792,59.7796,13.5929,23.8579,74.987,55.744,61.4566,33.6557,25.2535,102.246,70.7803
2020-09-10,28.8058,58.8976,13.0949,23.5204,74.0298,54.4814,60.7002,33.1819,24.8185,100.688,69.7728
2020-09-11,29.1731,58.7095,13.1061,23.6847,75.0366,54.073,61.0395,33.0698,24.8777,101.096,69.8761
2020-09-14,29.5942,58.9364,13.2066,24.0093,76.0512,55.2043,61.4369,33.8799,25.2199,102.513,70.6211
2020-09-15,29.738,59.9857,13.11,23.6847,76.0997,55.749,61.3521,34.3243,25.3885,102.653,71.1915
2020-09-16,29.7607,59.3386,13.6367,23.9529,76.8736,54.8858,61.076,34.5494,25.3545,102.474,70.7948
2020-09-17,29.9799,58.2486,13.6572,23.7035,77.0281,54.428,60.6904,33.7846,25.1482,102.147,69.8072
2020-09-18,29.4641,57.6881,13.5041,23.6559,76.1681,53.4964,60.1332,33.115,24.7044,101.998,68.8297
2020-09-21,28.4726,57.0132,13.0561,23.0622,73.6394,53.9482,59.6747,32.2302,24.5511,100.104,67.8332
2020-09-22,28.5264,58.1141,12.9211,22.8703,74.3677,54.7875,60.0257,32.6136,24.704,99.8857,69.2703
2020-09-23,27.689,56.7285,12.3381,22.3606,73.038,53.0895,59.1234,31.6776,24.3251,98.8737,68.1336
2020-09-24,27.8865,56.8349,12.3337,22.4071,73.144,53.3851,59.5603,31.828,24.5975,98.3857,68.1041
2020-09-25,28.135,57.5925,12.3254,22.6387,74.2409,54.6512,59.8739,32.4434,25.0022,99.9445,68.9949
2020-09-28,28.5898,58.363,12.6153,23.178,75.5805,55.7061,60.5484,33.0059,25.0663,100.867,70.436
2020-09-29,28.378,58.4218,12.269,22.8891,74.9117,55.5204,60.149,32.8377,25.0573,100.738,69.8906
2020-09-30,28.6665,58.4606,12.2317,23.1968,74.7165,55.9871,60.8817,33.0059,25.2833,102.335,70.46
2020-10-01,28.2614,59.2958,11.8556,23.2364,74.4936,56.5738,61.2219,33.5506,25.5385,101.998,71.3806
2020-10-02,28.5129,58.1241,11.9698,23.4195,75.3288,55.1379,60.8817,34.0923,25.8413,101.076,71.0757
2020-10-05,29.058,59.0798,12.3298,23.8045,76.5416,56.3551,61.289,34.28,26.1647,103.139,72.0194
2020-10-06,28.6934,57.8414,12.1451,23.5629,75.6102,55.4769,60.8906,33.989,26.3863,101.77,70.679
2020-10-07,29.4322,58.2635,12.3176,23.9598,77.2788,56.4959,61.5444,34.0824,26.5476,103.693,72.3008
2020-10-08,29.7296,59.022,12.779,24.2864,78.0467,56.7829,61.9537,34.6526,27.0329,104.189,72.7789
2020-10-09,29.9586,59.3755,12.5747,24.315,78.338,57.6521,62.4378,34.5603,27.0288,105.132,73.5344
2020-10-12,29.9095,60.9394,12.607,24.5862,78.7838,59.2292,63.1606,34.7382,27.1992,105.856,74.5119
2020-10-13,29.6441,60.998,12.4115,24.1132,77.9099,58.8508,63.1124,34.1473,27.012,105.053,74.4975
2020-10-14,29.7296,60.2714,12.4643,23.8816,78.3479,58.5348,62.789,33.756,26.9778,104.437,73.6746
2020-10-15,29.6441,59.8075,12.6153,24.0657,78.6293,58.2782,62.8274,33.9143,26.9612,103.684,73.9396
2020-10-16,29.8508,59.8174,12.3298,24.0845,79.2,58.1079,62.8471,33.7904,27.2504,104.705,73.2724
2020-10-19,29.5038,58.7453,12.0681,23.7173,78.22,57.0351,62.0306,33.2595,27.0204,103.049,72.3712
2020-10-20,29.5718,59.1684,12.2109,23.9103,78.6293,57.2293,61.9625,33.4837,27.1822,103.188,72.9525
2020-10-21,29.459,60.1629,11.9781,23.7847,77.8326,57.1424,62.0207,33.3618,27.11,102.663,72.5563
2020-10-22,29.6214,60.5561,12.4723,24.2566,78.4727,56.8788,61.9921,33.1268,27.4928,104.219,72.7055
2020-10-23,29.7296,61.1275,12.4115,24.3348,78.7838,56.8174,62.1065,33.3421,27.5699,104.607,73.3407
2020-10-26,28.9861,59.7876,11.9658,23.7847,76.8121,55.5877,61.3087,32.94,27.5616,103.455,71.932
2020-10-27,28.711,60.1728,11.8104,23.3512,75.1346,55.8653,61.147,32.5211,27.5395,102.732,71.8976
2020-10-28,27.9004,57.8116,11.3164,22.7545,72.6694,53.4964,59.3611,31.7995,26.7391,99.4787,69.6286
2020-10-29,28.477,59.2659,11.664,22.9277,73.7266,54.3796,59.3413,32.1642,26.8116,98.6724,70.0687
2020-10-30,28.4594,58.2635,11.7287,22.9949,73.6394,53.1809,59.1333,31.9588,26.5609,98.6426,68.5348
2020-11-02,29.4055,58.2337,12.1298,23.4294,75.6291,53.3172,60.0741,32.7443,27.1434,100.411,69.0283
2020-11-03,29.8643,59.0998,12.0599,23.9499,77.8614,54.2533,61.0592,33.2595,27.5351,101.879,70.5478
2020-11-04,29.3554,61.6482,12.0765,23.6699,77.0549,56.3751,61.0888,33.352,27.1225,106.392,72.0478
2020-11-05,30.554,62.8387,12.0765,24.2478,78.872,58.1229,61.5355,33.4739,27.3653,106.61,73.451
2020-11-06,30.6304,62.6924,11.8145,24.0558,78.9483,58.3261,61.8205,33.3421,27.3061,106.65,73.229
2020-11-09,31.3187,62.1598,13.5019,26.031,81.6384,57.9042,61.6795,34.223,27.8133,107.651,72.9919
2020-11-10,31.6883,61.9647,13.9384,26.1666,83.0751,56.8224,62.8945,34.4108,28.2125,107.958,72.7354
2020-11-11,31.2156,62.5251,13.7954,26.0597,82.3746,58.1758,63.4359,34.6714,28.319,107.83,73.3687
2020-11-12,30.5586,62.1698,13.3506,25.6252,81.4333,57.6521,63.2643,34.3164,27.864,107.423,72.3861
2020-11-13,31.085,63.0966,13.8361,26.0498,83.2376,58.1469,64.138,35.103,28.1402,108.782,73.5638
2020-11-16,31.6976,63.4988,14.7467,26.6287,85.2688,58.705,64.7267,35.3281,28.4259,108.604,74.5254
2020-11-17,31.5801,63.2717,14.8984,26.5901,85.0429,58.38,64.271,35.3458,27.8684,107.899,74.2065
2020-11-18,31.3187,62.6327,14.4654,26.3388,84.6664,57.753,63.3885,34.748,27.3221,105.886,73.7035
2020-11-19,31.4502,63.017,14.7019,26.4258,84.8794,58.2243,63.5591,34.8021,27.0502,105.807,74.0608
2020-11-20,31.4227,62.8686,14.6247,26.1942,84.1115,57.6182,63.1606,34.5701,27.0548,105.559,73.6791
2020-11-23,31.6841,62.8984,15.6585,26.6861,85.5205,57.6032,63.1794,34.458,27.0587,105.291,74.4875
2020-11-24,32.4729,64.1876,16.4625,27.6212,87.0147,58.4085,63.6074,34.4393,27.3489,105.598,75.5908
2020-11-25,32.1347,64.1786,16.0783,27.5252,86.3528,58.5298,63.569,34.5219,27.4205,105.211,75.6821
2020-11-27,32.3012,64.5907,15.8907,27.4382,86.2092,58.8458,63.5591,34.458,27.1478,106.183,75.8468
2020-11-30,31.9768,64.3648,15.013,26.8681,85.4413,59.2392,63.5492,34.1571,26.7562,106.471,75.3872
2020-12-01,32.3281,65.5464,15.082,27.2848,85.2292,59.9916,64.1104,34.5877,26.9442,107.364,75.9486
2020-12-02,31.9146,66.1556,15.5721,27.5816,85.3441,59.8992,63.5778,34.223,27.1225,108.176,75.4695
2020-12-03,31.6929,65.8611,15.7351,27.5916,85.5691,59.8598,63.7396,34.4738,26.8421,108.038,75.6821
2020-12-04,32.3328,65.9207,16.5931,27.929,86.5866,60.4674,64.2316,34.9348,26.5734,109.188,75.7555
2020-12-07,32.1209,66.3339,16.2053,27.737,86.1704,60.6366,63.9871,34.5877,26.7223,108.524,75.5813
2020-12-08,32.3012,66.2343,16.4461,27.7281,86.5866,60.8353,64.3391,34.4295,26.6417,109.348,75.4206
2020-12-09,32.3189,65.4489,16.4829,27.6598,86.7818,59.6656,64.0808,34.1119,26.5948,108.96,75.3528
2020-12-10,32.1209,65.4877,16.9895,27.7083,85.9555,59.7534,63.7957,33.9231,26.458,108.782,75.2909
2020-12-11,31.9362,65.8809,16.7934,27.4282,86.1606,59.6271,63.9378,33.9428,26.5013,108.366,74.9276
2020-12-14,31.531,65.6739,16.2053,27.1096,85.0429,59.8398,63.6912,33.699,26.3648,107.542,75.0389
2020-12-15,32.1034,66.2154,16.5241,27.5718,86.229,60.8453,63.8441,34.2879,26.8845,108.702,76.0499
2020-12-16,32.0136,66.1556,16.4418,27.6212,85.6938,61.2527,63.9673,34.2977,26.5734,108.396,76.5479
2020-12-17,32.3826,65.9894,16.3643,27.6984,86.219,61.7434,64.3737,34.6998,26.7516,109.556,77.0709
2020-12-18,32.5266,66.0482,16.091,27.457,86.229,61.5252,64.5176,34.1021,26.5222,109.635,76.6996
2020-12-21,32.3545,65.4868,15.7807,27.8251,85.7118,61.5887,63.8195,33.7964,26.2,108.544,75.8323
2020-12-22,32.1551,64.8754,15.5159,27.553,85.3114,62.1218,63.3688,34.0342,26.1488,108.206,75.5035
2020-12-23,32.201,65.2488,15.8592,28.0101,85.7603,61.6516,63.5798,33.7127,26.0976,108.286,75.6676
2020-12-24,32.4044,65.3185,15.7761,28.0487,85.7702,62.0594,63.8964,34.0441,26.2821,108.604,75.8273
2020-12-28,32.2777,66.4921,15.677,28.1833,85.8782,62.7584,64.4023,34.3193,26.3979,108.872,76.6946
2020-12-29,32.201,66.4325,15.5732,28.0863,85.36,62.4618,64.2109,34.0539,26.3933,109.387,76.7191
2020-12-30,32.6446,65.9894,15.8176,28.213,85.9069,62.4274,64.1449,34.2436,26.5265,109.367,77.1786
2020-12-31,32.7711,66.522,15.6856,28.5624,86.3062,62.5207,64.5945,34.6596,26.9212,110.518,77.2166
2021-01-04,32.4591,65.5354,15.7097,28.1744,84.2196,61.5013,63.8964,33.5426,26.2437,110.032,76.5679
2021-01-05,33.1876,65.7714,16.4138,28.3001,85.0479,61.8987,63.8964,33.5033,26.2392,110.835,77.1392
2021-01-06,34.5454,65.4578,16.9146,29.55,87.0762,60.8353,63.9427,33.3421,26.8917,112.353,77.9272
2021-01-07,34.8035,66.3239,17.163,29.9755,87.5536,62.4718,63.7524,33.4463,26.5394,113.821,79.4332
2021-01-08,34.6365,66.5319,17.1421,29.9567,87.3397,62.8742,64.067,33.8062,26.7628,114.366,81.0689
2021-01-11,34.6365,65.3483,17.411,30.0537,87.3099,62.355,63.5216,33.2389,26.5132,114.901,79.5579
2021-01-12,35.075,64.2942,18.0194,30.3653,88.1779,62.0594,63.3106,33.2664,26.372,113.651,80.7685
2021-01-13,34.7179,64.5201,17.879,30.3456,87.4169,62.4523,63.4082,33.7226,26.8876,113.969,80.7635
2021-01-14,34.6,64.1558,18.4087,30.4802,87.7191,61.9032,63.0719,33.931,26.7843,113.602,80.2511
2021-01-15,34.1068,64.3618,17.6923,29.9755,86.5787,61.2676,62.852,34.454,27.0458,113.959,79.6308
2021-01-19,34.224,65.5256,18.0483,30.0537,86.8631,62.0694,62.5739,34.225,26.9434,114.812,80.0814
2021-01-20,34.3373,67.5852,18.1148,29.9289,87.3971,63.3016,62.6893,34.9358,27.1019,115.437,81.5914
2021-01-21,33.8348,67.8331,17.502,29.6074,86.7154,64.1173,62.4773,34.8207,26.9434,114.901,81.9732
2021-01-22,33.6715,67.8619,17.411,29.3946,86.2666,63.8702,62.3165,34.9073,26.9811,114.564,81.6937
2021-01-25,33.4953,68.2571,17.233,29.1818,85.682,64.4089,62.9388,35.2199,27.5231,115.298,81.9976
2021-01-26,33.0336,69.1819,16.8647,28.9493,84.8933,64.4523,63.5019,35.5808,27.2476,114.881,81.9437
2021-01-27,32.0598,66.9451,16.6373,28.0963,83.2059,63.2342,62.43,35.1266,26.5132,111.4,79.4237
2021-01-28,32.6126,67.182,16.8315,28.6198,84.4445,63.4863,62.6696,35.2199,26.8315,113.017,79.6697
2021-01-29,31.9788,65.9307,16.2727,28.0487,82.6203,61.9955,61.3757,34.8493,26.6853,112.065,77.8119
2021-02-01,32.3545,67.1621,16.3894,28.4158,83.4804,63.5437,61.4349,35.6378,26.814,112.481,79.8339
2021-02-02,32.7801,68.1874,16.5669,29.1037,85.255,64.4139,61.8462,35.7892,27.0329,112.809,81.5235
2021-02-03,32.8435,69.1033,17.2745,29.2689,85.3114,64.1902,61.9419,35.6466,26.9472,112.015,81.0734
2021-02-04,32.726,69.5184,17.4653,29.9191,86.229,65.2142,62.3924,35.8452,27.1577,112.471,81.9347
2021-02-05,33.2875,70.3945,17.6138,29.9289,86.7353,65.0699,62.9762,35.9691,27.3038,112.679,82.7242
2021-02-08,33.5632,70.6712,18.3505,30.3159,87.4764,65.7528,63.2159,36.0438,27.0931,112.819,83.1882
2021-02-09,33.3139,70.9071,18.1558,30.3258,87.6993,65.6735,63.1588,36.2061,27.1323,112.987,82.7341
2021-02-10,33.2783,71.5781,18.5035,30.3258,87.5636,65.5786,63.0917,36.4528,27.2398,113.195,81.9103
2021-02-11,33.3093,71.6577,18.2184,30.2278,87.3783,66.296,62.8126,36.385,27.0846,113.413,81.6837
2021-02-12,33.654,71.9624,18.4875,30.5386,88.0114,66.6415,62.9092,36.3771,26.8876,114.257,81.7995
2021-02-16,33.5901,72.3087,18.9506,31.0611,87.9242,66.4228,62.7938,35.9888,26.5864,113.126,81.4462
2021-02-17,33.5726,72.5148,19.2318,31.2173,87.6795,65.8357,63.0236,36.0163,26.6081,113.533,81.9153
2021-02-18,33.3643,72.1604,18.7975,31.0323,87.2416,65.5152,62.9862,35.9976,26.7672,112.819,81.9392
2021-02-19,33.975,71.4496,19.1123,31.4005,88.6753,65.4179,62.1903,36.1107,26.368,111.47,81.4652
2021-02-22,34.1068,71.1649,19.7744,31.6914,88.9576,63.9755,62.2485,36.3201,25.8524,111.202,79.7476
2021-02-23,34.224,71.7174,20.1012,31.8854,89.2301,63.7963,62.3343,36.4528,26.0672,111.013,79.2251
2021-02-24,34.5231,71.8438,20.8132,32.5038,90.9166,64.7723,62.2968,36.6229,25.7624,111.787,80.052
2021-02-25,33.7261,70.2769,20.4113,31.914,89.2401,62.5113,61.6164,36.0262,25.5302,110.666,77.0758
2021-02-26,33.2963,70.5537,19.9271,31.3035,88.3137,62.8398,60.6193,35.3998,25.0577,109.694,77.3962
2021-03-01,34.1377,72.3555,20.4441,32.2821,90.5757,64.8642,61.2328,35.4382,25.6122,111.142,79.2151
2021-03-02,34.3279,71.824,20.3326,32.1654,90.3132,63.8362,61.1282,35.2199,25.5346,110.815,78.3014
2021-03-03,33.9889,70.7986,20.6314,32.4187,90.4092,62.2292,60.8403,34.7844,25.2342,109.416,76.4621
2021-03-04,33.3279,70.6712,21.1234,32.0496,88.9676,60.8593,60.6193,34.5278,25.2124,107.938,74.8453
2021-03-05,34.093,72.3287,21.9142,32.6612,91.0721,62.0055,61.9605,34.926,25.6251,110.101,75.3198
2021-03-08,34.55,71.361,21.9552,33.0768,92.0273,60.5063,62.2298,35.097,25.9852,109.824,75.4062
2021-03-09,34.7629,72.1604,21.5703,32.776,91.6468,62.5587,62.1716,35.4943,26.3292,110.478,78.257
2021-03-10,35.3379,72.465,22.1167,33.4449,93.0022,62.3121,62.9862,35.8452,26.5097,110.726,78.6532
2021-03-11,35.528,73.8358,22.1253,33.3479,93.0696,63.6415,62.8323,36.3771,26.4411,111.41,79.8633
2021-03-12,35.6228,73.6287,22.1708,33.6874,94.3171,63.1902,63.349,37.0024,26.7967,111.648,80.0964
2021-03-15,35.664,74.1503,21.9182,33.4924,95.1078,63.8607,63.6271,37.4192,27.1407,112.412,81.1752
2021-03-16,35.3698,74.9299,21.2931,33.1451,93.7533,64.3445,63.704,37.4192,27.1757,112.343,80.3334
2021-03-17,35.6861,74.9398,21.4588,33.3677,94.8343,64.2921,63.6093,37.3632,26.733,111.936,81.4602
2021-03-18,35.4877,73.6974,20.4944,33.5419,94.7471,62.5063,63.349,37.1253,26.6341,111.708,79.4716
2021-03-19,35.3106,74.3375,20.4989,33.155,94.0258,62.3166,63.5709,36.6327,26.7072,112.105,79.9462
2021-03-22,35.3333,74.9607,20.3019,32.7246,93.9762,63.5392,64.2435,37.0349,26.6679,113.077,80.4681
2021-03-23,34.5966,74.4072,20.005,32.2683,92.3345,63.1463,64.5147,37.1499,27.0659,111.936,79.7141
2021-03-24,34.8474,72.5318,20.5067,32.3861,93.0092,62.379,64.2632,36.9867,27.0748,111.817,78.534
2021-03-25,35.3518,72.1763,20.5819,32.9304,94.4954,62.341,64.8894,37.3023,27.3645,112.273,79.2251
2021-03-26,36.2293,71.385,21.0928,33.4459,96.1273,63.9276,66.0353,38.2127,27.4554,114.405,79.8833
2021-03-29,36.1067,72.1166,20.8417,33.155,96.1471,63.5921,66.7,38.1262,27.75,114.941,79.4477
2021-03-30,36.0021,72.1166,20.6617,33.3885,96.5683,62.991,65.987,37.9629,27.4985,113.909,80.2221
2021-03-31,35.8241,72.4023,20.5193,33.1352,96.2552,63.9955,65.776,37.8106,27.7019,114.127,80.8464
2021-04-01,36.1378,73.6477,21.042,33.5439,96.5781,65.2826,65.4574,38.4133,27.6759,113.791,81.4936
2021-04-05,36.5837,75.1966,20.5404,33.8062,97.7712,66.632,66.2956,38.6148,27.9789,114.584,83.3479
2021-04-06,36.665,75.3858,20.4858,33.7378,97.5353,66.3449,66.5737,38.7112,28.1257,114.137,83.7107
2021-04-07,36.0331,75.9681,20.5571,33.9041,97.0855,66.6994,66.41,38.7574,28.0918,113.889,83.4597
2021-04-08,36.079,75.9781,20.2892,33.914,97.3203,67.6605,66.4781,38.5656,28.0695,114.059,83.8509
2021-04-09,36.3931,75.9582,20.155,34.2049,98.2715,68.311,66.3617,38.6247,28.0392,115.298,84.6489
2021-04-12,36.5203,75.6516,19.9967,34.3513,98.6371,67.986,66.7186,38.8547,28.065,115.417,85.1968
2021-04-13,36.4336,75.7502,20.0173,34.0298,98.1526,68.627,66.3617,39.0838,28.3979,115.903,86.101
2021-04-14,36.697,74.9707,20.574,34.2337,98.2814,67.8976,66.3055,38.8449,28.5236,115.893,85.2507
2021-04-15,37.1296,75.9283,20.4064,34.2049,98.6768,69.0623,66.8341,39.5823,28.8396,117.886,85.8644
2021-04-16,37.5797,75.8796,20.2434,34.4483,98.8947,69.0478,67.2187,39.6393,29.073,118.76,86.5226
2021-04-19,37.4062,75.4555,20.2224,34.3513,98.4785,68.4757,66.9593,39.7631,28.926,118.79,85.5546
2021-04-20,37.0472,75.0503,19.6872,33.7082,97.3887,67.8696,67.3262,40.2036,29.2937,119.246,84.4697
2021-04-21,37.7199,75.1768,19.9385,34.1763,98.7263,68.5536,67.6614,40.3855,29.0468,120.664,85.6025
2021-04-22,37.0833,74.6242,19.7036,33.7962,98.222,67.7488,67.1625,40.2135,28.8396,120.118,84.6489
2021-04-23,37.6929,75.4943,19.8834,34.4285,99.3009,68.7578,66.9879,40.4425,28.8003,120.912,85.5401
2021-04-26,37.9155,75.6516,20.0173,34.5651,99.0037,69.1118,66.2375,40.53,28.6363,120.505,85.9168
2021-04-27,37.8155,75.3459,20.2601,34.8372,99.8265,68.943,66.1892,40.53,28.4158,119.801,85.8155
2021-04-28,37.9201,76.0368,20.9589,34.9748,99.6185,68.3015,66.2375,40.3855,28.3771,119.444,85.7147
2021-04-29,38.156,78.1403,21.1928,35.5973,100.311,68.2421,66.9396,40.6824,28.6363,118.968,85.7397
2021-04-30,37.7522,77.0742,20.6571,35.2845,99.6573,67.312,66.9977,40.9509,28.861,118.61,86.0715
2021-05-03,38.3161,76.6689,21.2266,35.4597,100.678,67.1318,67.5461,40.7306,28.8569,119.96,85.6613
2021-05-04,38.7344,75.9781,21.2388,35.7428,101.124,65.9231,67.2009,40.4809,28.7487,120.089,84.7621
2021-05-05,39.225,75.8298,21.9247,36.0346,101.223,65.7628,67.1526,39.887,28.2643,120.307,84.4942
2021-05-06,39.5568,76.7187,22.0378,36.5701,101.936,66.4228,68.0184,40.0797,28.4808,120.465,84.6778
2021-05-07,39.9477,77.3011,22.4307,36.765,103.007,66.996,68.0184,40.5674,28.5672,121.289,85.4438
2021-05-10,39.7704,75.8198,22.4389,36.7353,103.086,65.302,68.5381,40.7503,28.8569,121.447,83.9193
2021-05-11,39.9023,75.6018,21.862,36.0832,101.58,65.1013,67.9415,40.2705,28.5021,120.138,82.9762
2021-05-12,38.8971,74.1215,21.9671,35.713,99.1424,63.2726,67.0363,39.2952,27.8361,119.008,80.1627
2021-05-13,39.4936,74.6541,21.699,36.287,100.995,64.1123,67.979,39.7917,28.3729,120.079,80.7291
2021-05-14,39.9662,76.1255,22.3725,36.861,102.392,65.5197,68.2798,40.1662,28.5107,120.693,82.1323
2021-05-17,40.3164,75.5241,22.8907,36.9292,102.096,65.0409,68.1821,40.1849,28.2771,120.465,81.9826
2021-05-18,39.8705,74.7527,22.3598,36.4137,100.589,64.5192,67.9711,40.2617,28.2726,120.505,81.3404
2021-05-19,39.2613,74.8721,21.8039,36.19,100.025,64.7439,67.7493,40.1072,28.225,120.297,80.6573
2021-05-20,39.2837,76.1553,21.7702,36.2098,100.242,65.985,68.3744,40.6067,28.4719,121.557,81.4846
2021-05-21,39.3709,75.8994,21.8157,36.5701,100.738,65.6235,68.3843,40.5399,28.619,121.577,81.0784
2021-05-24,39.7206,77.2812,22.0336,36.7452,101.372,66.7913,68.5864,40.9793,28.5672,121.695,81.8818
2021-05-25,39.3838,77.2613,21.5862,36.3741,101.065,66.8112,68.6052,41.0944,28.2205,121.329,82.1423
2021-05-26,39.3977,77.766,21.7781,36.4829,101.392,66.8062,68.4612,41.1907,28.225,120.634,82.9273
2021-05-27,39.7113,78.0607,21.7952,36.9006,102.779,66.4528,68.0382,41.1415,28.0356,120.366,83.2561
2021-05-28,39.6705,77.8058,21.8372,36.9688,102.779,66.6899,68.1821,41.4198,28.1863,120.833,83.1453
2021-06-01,40.2253,77.8546,22.6773,37.1925,103.165,66.3594,67.9513,42.1286,28.0134,118.849,82.9856
2021-06-02,39.8886,77.6166,23.1002,37.2519,102.888,66.8207,68.2018,42.7117,28.1605,118.61,82.6024
2021-06-03,39.8793,77.094,23.1627,37.3379,102.66,66.1957,68.6249,42.6272,28.3288,118.978,81.6154
2021-06-04,39.9662,78.2,23.3178,37.4359,102.997,67.4662,68.8665,42.6645,28.2856,119.354,82.2741
2021-06-07,39.48,78.6041,23.2171,37.1925,102.274,67.4518,68.7512,43.0666,28.3374,119.781,82.2741
2021-06-08,39.5524,78.3782,23.4184,37.0955,102.541,67.4568,68.1723,43.2966,28.0958,119.414,82.9372
2021-06-09,39.2431,78.2996,23.2712,36.7452,101.5,67.5052,67.8448,43.3448,28.3462,120.575,82.4816
2021-06-10,39.0064,78.7227,23.2425,36.3167,100.995,68.0054,68.2699,43.7852,28.5324,122.627,82.8679
2021-06-11,39.152,78.8122,23.1627,36.5503,101.204,68.4088,68.3073,43.507,28.5971,121.755,83.3185
2021-06-14,38.6705,79.3359,23.0626,36.1702,100.738,69.1018,68.2699,43.7558,28.6578,121.863,83.3434
2021-06-15,38.5886,78.8809,23.5017,36.2395,101.174,68.6754,68.1052,43.3537,28.7442,121.903,82.9028
2021-06-16,38.1607,78.19,23.3762,36.1999,100.203,68.306,67.2009,42.9614,28.312,121.437,82.9422
2021-06-17,37.3109,78.5146,22.5815,35.1302,98.6768,69.0968,67.4406,43.1246,28.4674,122.359,83.2511
2021-06-18,36.7062,77.5967,21.9124,34.2831,97.3887,68.4657,66.2463,42.4452,27.7276,120.971,82.8205
2021-06-21,37.4691,78.3494,22.8456,35.0837,99.5289,69.1996,67.0027,43.2927,28.0856,122.419,83.4552
2021-06-22,37.6193,79.0212,22.9983,35.1431,99.6374,69.8257,67.0994,43.1,27.9153,122.687,84.2382
2021-06-23,37.3779,78.9426,23.0618,35.2123,99.4199,69.7533,66.6832,42.9653,27.6189,122.171,84.8914
2021-06-24,37.4969,79.6842,23.2599,35.6517,100.173,70.1886,67.0125,42.7628,27.5921,122.806,85.1818
2021-06-25,37.5013,79.7838,23.3829,36.0802,100.371,70.1082,67.5254,43.0706,27.8889,123.371,85.7247
2021-06-28,37.5013,80.6847,22.5924,35.817,99.8554,70.8446,67.5845,43.0902,28.0678,123.56,85.7447
2021-06-29,37.4829,80.2487,22.4822,35.6893,99.6573,71.3539,67.2838,43.0607,27.6145,123.689,85.9568
2021-06-30,37.5833,80.1004,22.7617,35.8466,100.421,71.277,67.8074,42.7235,27.5624,123.609,86.0246
2021-07-01,37.7883,80.6947,23.1589,36.1297,101.144,71.3983,67.6043,42.8975,27.8631,124.7,86.5032
2021-07-02,37.8434,81.2571,23.1082,36.0901,101.302,72.3399,67.7689,43.1,27.907,125.91,87.2622
2021-07-06,37.2817,81.06,22.3558,35.5231,100.321,72.6164,67.4879,43.4864,28.0245,125.792,87.365
2021-07-07,37.6699,80.9406,21.9925,35.5725,101.332,73.0148,67.8458,43.7066,28.2071,126.584,87.3166
2021-07-08,37.1583,80.0506,21.866,34.859,99.925,72.3209,67.5944,43.6693,28.1244,125.89,87.099
2021-07-09,37.8886,80.7624,22.331,35.8654,101.5,72.9899,67.981,44.2464,28.1595,126.327,87.9169
2021-07-12,38.0121,81.3367,22.2967,36.2177,101.64,73.0483,67.8744,44.6318,28.2508,126.566,88.5202
2021-07-13,37.6651,81.1287,22.128,35.8268,100.649,73.3488,67.8558,44.0527,28.0378,126.446,87.4568
2021-07-14,37.588,81.07,21.4684,35.6606,100.639,73.883,68.4563,44.439,28.2812,126.337,87.2966
2021-07-15,37.5927,80.4956,21.1689,35.7774,100.837,73.2819,68.7383,44.5069,28.5993,125.89,86.8275
2021-07-16,37.026,79.9909,20.5689,35.2885,99.9449,72.5535,68.8439,44.5541,28.8872,126.238,85.7636
2021-07-19,36.2316,78.7744,19.8419,34.3029,97.8593,71.5531,68.6407,43.861,28.4296,124.899,84.7761
2021-07-20,36.643,79.6644,20.1082,35.1529,100.589,72.6164,68.6594,44.6514,28.5518,126.426,86.3385
2021-07-21,37.0444,80.3264,20.8097,35.7576,101.56,73.3194,68.4859,44.5167,28.2379,126.634,87.1339
2021-07-22,37.0579,80.6051,20.577,35.3677,101.184,73.8546,68.3685,44.1982,28.2812,127.566,87.5092
2021-07-23,37.3183,82.603,20.5014,35.4271,101.62,74.5924,69.1939,44.6033,28.6435,129.045,88.2936
2021-07-26,37.6333,83.0291,21.0083,35.6319,101.57,74.553,69.3093,44.6033,28.652,128.202,88.9513
2021-07-27,37.6838,82.0386,20.8136,35.622,101.005,73.8451,69.4543,44.9592,29.1448,128.807,88.0461
2021-07-28,37.793,82.6817,21.0039,35.5725,100.767,73.7572,68.8439,44.6908,28.922,129.263,87.7612
2021-07-29,38.2088,81.7917,21.2068,35.9634,101.57,74.0972,69.184,44.5541,29.0004,129.57,88.7537
2021-07-30,38.3637,81.514,20.8688,35.6804,101.372,74.0488,69.2994,44.7006,28.7566,129.689,86.9243
2021-08-02,37.898,81.3268,20.7123,35.6893,100.668,73.7867,69.0085,44.7183,28.979,129.868,87.1714
2021-08-03,38.2907,80.9604,21.0673,36.0901,101.996,74.257,69.3192,44.9012,29.1448,131.683,87.8191
2021-08-04,37.9257,81.1885,20.4971,35.7872,100.599,74.4082,68.4178,44.7567,29.1006,131.117,86.9668
2021-08-05,37.8706,81.9301,20.7294,36.2573,101.074,74.8196,68.7482,45.1136,29.4193,130.582,87.8001
2021-08-06,38.4182,81.9301,20.9191,36.9896,101.55,74.7577,68.7482,45.0379,29.4016,130.473,87.1998
2021-08-09,38.373,81.7817,20.6235,37.0866,101.144,74.5146,68.9986,44.8353,29.3926,130.969,87.0795
2021-08-10,38.953,81.9401,20.9869,37.4785,102.174,73.9754,69.4937,44.3535,29.4238,130.671,87.4229
2021-08-11,39.5009,82.0983,21.1515,37.908,103.492,73.9849,69.7254,44.5935,29.6983,129.372,87.6798
2021-08-12,39.4365,82.2466,21.1308,37.9762,103.294,74.4132,69.687,44.7468,29.7281,130.393,87.7183
2021-08-13,39.4736,82.2964,20.8811,37.6932,102.987,74.8196,70.2688,45.0477,29.9381,131.207,87.4668
2021-08-16,39.277,82.4348,20.4971,37.5943,103.324,75.1556,70.6751,45.0939,30.1208,132.695,87.0596
2021-08-17,38.8249,81.7519,20.2855,37.331,102.214,74.5335,70.7145,45.1814,30.1382,134.272,84.9982
2021-08-18,38.373,81.1287,19.8633,36.8718,101.094,73.5096,69.8329,44.7104,29.9858,132.219,85.3041
2021-08-19,38.0308,81.1387,19.3477,36.5987,100.381,74.2235,70.3941,45.084,30.1079,132.823,84.7571
2021-08-20,38.2541,81.8415,19.3896,36.8234,100.649,75.1801,70.5114,45.2964,30.4827,133.587,85.5735
2021-08-23,38.5832,82.83,20.1161,37.1262,101.48,76.1551,70.2886,45.1234,30.0906,133.637,86.6738
2021-08-24,38.8249,83.0977,20.4503,37.3498,101.996,76.0677,69.755,44.7861,29.8944,133.161,87.2816
2021-08-25,39.0026,83.2251,20.6069,37.7902,102.65,76.0238,69.6387,44.737,29.9509,132.793,87.6215
2021-08-26,38.7338,82.5045,20.2936,37.6041,102.194,75.5435,69.3192,44.7665,29.877,132.268,86.8126
2021-08-27,39.2451,83.8095,20.8348,38.1029,102.908,76.2769,69.5608,45.1332,29.8681,132.119,87.6015
2021-08-30,39.2043,84.3829,20.5897,37.5645,102.789,77.0917,69.8704,45.6828,29.9118,132.873,88.2647
2021-08-31,39.0901,84.6995,20.4503,37.5181,102.502,76.6848,70.0263,45.9522,29.877,132.695,88.4778
2021-09-01,38.9897,85.1245,20.1498,37.3013,102.115,76.7032,70.3941,46.7436,30.2693,132.734,88.4733
2021-09-02,39.2405,84.5511,20.6617,37.429,103.195,76.6219,70.6662,46.9648,30.5438,134.162,88.4683
2021-09-03,38.9805,84.5511,20.5435,37.1945,102.58,76.9264,70.5785,46.9648,30.2911,134.311,88.4149
2021-09-07,38.7246,84.7492,20.4205,36.9698,100.797,76.9464,69.7649,46.4438,29.8899,133.528,88.6759
2021-09-08,38.3549,84.3132,20.1586,36.8818,100.936,76.6508,70.3655,46.724,30.4261,133.468,88.7777
2021-09-09,38.3684,83.8981,20.201,36.9896,100.441,76.3683,69.9582,45.7319,30.2603,131.921,88.6619
2021-09-10,38.3591,83.3546,20.1923,36.7155,99.9947,75.6114,69.6584,45.1528,29.8377,130.721,88.1145
2021-09-13,38.3505,83.5626,20.7717,37.1351,100.252,75.6359,69.8329,45.4036,29.7847,129.907,88.3326
2021-09-14,37.9302,82.84,20.4713,36.6373,99.0632,75.539,69.5134,45.3062,29.685,129.887,88.0371
2021-09-15,38.3318,83.2451,21.2367,36.9896,100.133,76.2035,69.7649,45.4803,29.6461,130.731,88.6085
2021-09-16,37.9165,83.1655,20.9956,36.8818,99.4694,76.2469,69.5322,45.5678,29.397,130.403,89.0152
2021-09-17,37.136,82.2466,20.8391,36.7155,98.4003,75.0532,69.1544,45.1528,28.9438,130.533,88.6998
2021-09-20,36.4199,80.5921,20.2019,35.8624,97.2668,73.6898,68.4622,44.8422,28.8913,129.173,86.6689
2021-09-21,36.333,80.2556,20.2486,35.813,96.7555,73.7178,68.3833,44.852,28.8124,129.372,86.7976
2021-09-22,36.709,80.2158,20.8732,36.4117,97.5235,74.7282,68.5786,45.2295,28.7945,129.58,87.9847
2021-09-23,37.2317,81.0381,21.6044,37.3043,99.0235,75.7282,68.832,45.0073,28.6413,130.523,88.88
2021-09-24,37.1766,81.7021,21.7673,37.5013,99.2316,75.7811,68.8616,44.4942,28.6101,129.987,89.2128
2021-09-27,37.4659,81.6922,22.5408,38.0108,99.3307,75.0438,68.549,43.7568,28.2719,128.132,89.6819
2021-09-28,37.0028,79.7002,22.6178,37.3825,98.1724,72.8206,67.7403,43.4952,27.9161,125.94,87.9608
2021-09-29,36.8515,79.6305,22.6178,37.4121,98.2814,72.7283,68.3547,43.7764,28.2808,126.932,88.0461
2021-09-30,36.2778,79.3827,22.2757,36.8234,96.2641,72.2086,67.126,43.0784,28.0567,125.375,86.5755
2021-10-01,36.8562,80.7205,23.0241,37.4319,97.5819,73.2964,67.3015,43.5434,28.0567,125.404,87.2287
2021-10-04,36.6951,78.9764,23.4003,37.1084,97.0507,71.597,67.0866,43.5926,28.4434,123.501,86.5371
2021-10-05,37.0208,80.1561,23.5372,37.8337,98.1328,72.6164,67.4287,43.2534,28.3734,124.244,86.8864
2021-10-06,36.9524,80.2944,23.2897,37.8733,98.5678,73.0932,68.0815,43.6703,28.8124,124.016,87.1614
2021-10-07,37.4335,80.6419,23.4689,38.099,99.3406,73.7617,68.3833,43.7174,28.6582,125.652,88.5202
2021-10-08,37.2275,80.2457,24.1918,38.286,99.3307,73.4856,68.3064,43.2435,28.4473,125.018,88.1145
2021-10-11,37.2317,79.0362,24.1019,37.903,98.5281,73.0782,68.2867,43.3016,28.061,124.056,87.7562
2021-10-12,37.2821,78.3036,24.1232,37.7852,98.2022,72.6988,68.3153,43.8827,28.2499,123.451,88.4533
2021-10-13,37.562,78.6699,24.1019,37.5685,98.4102,73.1451,68.4425,44.1353,28.5792,123.649,88.8895
2021-10-14,38.4749,79.7798,24.3965,38.1969,100.262,74.7971,69.2127,44.7547,28.9309,125.414,89.8141
2021-10-15,38.5895,79.5907,24.5168,38.7669,101.233,75.3927,69.047,44.7743,28.8471,126.04,91.1924
2021-10-18,38.5617,80.2059,24.5335,38.7768,101.302,76.0338,68.6377,44.852,28.5709,125.176,92.3107
2021-10-19,38.7635,80.9784,24.8117,39.1588,101.906,76.7861,68.6663,45.0565,28.9309,126.832,92.0487
2021-10-20,39.0753,81.1367,25.0128,39.4725,102.541,76.5734,69.0667,45.7428,29.3873,128.638,91.9813
2021-10-21,38.9743,81.3746,24.5511,39.3062,102.749,76.869,68.978,45.8893,29.3873,129.164,93.3262
2021-10-22,38.9009,79.6504,24.7819,39.8555,103.106,76.6024,69.5154,46.2186,29.537,129.679,92.9928
2021-10-25,39.2908,79.9969,25.1453,39.8069,103.343,76.8545,69.4661,46.3543,29.4095,129.838,95.3057
2021-10-26,39.4009,79.2841,25.291,39.8367,102.71,77.0717,69.7096,46.5677,29.5677,130.483,95.3202
2021-10-27,38.837,79.066,24.5636,39.1786,101.51,77.0053,69.3004,46.2284,29.3704,129.441,95.5328
2021-10-28,39.2223,79.3239,24.7391,39.6585,102.779,77.7766,69.544,46.9068,29.5633,130.533,96.7973
2021-10-29,39.0341,79.5708,24.5763,39.5021,102.808,78.1116,69.4759,46.3445,29.3873,131.801,97.0488
2021-11-01,39.1256,79.7002,24.9997,39.5219,103.086,77.9948,69.5835,46.4506,29.4929,131.643,98.8343
2021-11-02,39.5708,79.7102,24.7644,39.6199,103.433,78.6842,70.0519,46.8872,29.5191,132.467,98.1656
2021-11-03,39.9833,79.9969,24.5597,39.7674,103.205,79.1396,70.7047,47.1586,29.4095,133.25,99.9281
2021-11-04,39.9606,80.3134,24.5938,39.2468,103.621,80.3782,70.7727,46.6257,29.2469,132.327,101.279
2021-11-05,40.272,80.9584,24.9145,39.2666,104.681,80.796,71.182,46.7328,29.5237,130.849,101.93
2021-11-08,40.7768,80.6021,25.1411,39.4823,105.107,81.2319,70.6169,46.723,29.0846,131.633,100.483
2021-11-09,40.965,80.403,25.2437,39.2666,105.375,80.8974,70.8605,46.897,29.234,131.147,98.6312
2021-11-10,40.6853,79.4921,24.5763,39.1984,104.781,79.5624,71.0755,46.664,29.4711,131.525,98.2634
2021-11-11,41.0104,79.3339,24.6704,39.3062,104.355,79.9319,71.0262,46.6836,29.291,131.137,97.9964
2021-11-12,41.3179,80.4926,24.6109,39.3943,105.177,80.9074,71.0262,46.7034,29.2731,131.792,98.3253
2021-11-15,41.1298,80.7205,24.816,39.3943,105.375,80.8255,71.3684,46.9648,29.6594,130.969,98.2434
2021-11-16,41.0149,80.1163,24.8545,39.3547,105.395,81.6747,70.9197,46.6738,29.5191,131.525,99.7864
2021-11-17,40.7444,79.8097,24.474,38.9035,104.771,81.4326,70.7629,46.9835,29.546,131.713,100.427
2021-11-18,40.5705,79.2343,24.3288,38.7075,104.553,82.2424,70.5104,46.9747,29.3918,131.763,101.569
2021-11-19,40.4969,78.9666,23.3793,38.286,104.027,82.8394,70.256,46.723,29.5588,130.959,102.01
2021-11-22,40.5612,78.0049,23.7944,38.8253,104.315,81.9173,70.8112,46.49,29.7389,130.373,101.752
2021-11-23,40.6028,77.7978,24.5256,39.4339,104.493,81.7281,71.2796,46.9835,29.77,130.513,101.012
2021-11-24,40.3138,77.9073,24.7644,39.3448,104.374,82.3242,71.0656,47.6148,29.787,130.463,101.22
2021-11-26,39.6206,76.4798,23.768,38.0406,101.55,80.2663,70.1683,46.3248,29.3218,129.977,98.4615
2021-11-29,39.8044,77.1328,23.905,38.1583,101.728,82.2768,70.3438,46.9068,29.7567,130.334,99.986
2021-11-30,38.8185,74.6859,23.3446,37.2459,99.1524,81.5913,68.5391,45.9276,28.8867,127.765,98.6411
2021-12-01,38.424,72.9617,23.0971,36.8332,97.7692,80.47,68.2088,45.3269,28.9394,127.547,96.8552
2021-12-02,39.2085,74.1901,23.768,37.9327,100.668,81.2124,68.9306,46.5677,29.3089,128.162,98.2389
2021-12-03,39.1216,74.022,23.5802,37.3142,100.549,79.854,69.7885,46.3346,29.6029,128.4,96.3232
2021-12-06,39.6947,75.2404,23.9312,37.8832,102.254,80.6113,71.0164,47.0032,30.0549,129.134,97.4255
2021-12-07,40.2998,76.0139,24.4911,38.5611,103.294,83.4266,71.1731,47.8369,30.2789,130.791,99.6956
2021-12-08,40.4695,76.5684,24.4868,38.3543,103.551,83.8095,70.9493,48.0404,30.2482,131.782,99.9471
2021-12-09,40.2443,75.9641,24.2987,38.2761,103.225,82.9019,71.1435,47.4308,30.209,132.079,98.219
2021-12-10,40.4923,76.004,24.4784,38.3157,103.651,84.5663,72.3426,47.6717,30.3717,132.545,98.9006
2021-12-13,40.2489,75.6068,23.7988,37.903,102.58,83.3102,73.2884,48.3118,30.7446,133.805,96.3512
2021-12-14,40.2081,75.4097,23.6999,38.1286,101.61,81.9413,73.3377,47.7789,30.5603,133.26,95.7948
2021-12-15,40.2951,76.2021,23.5844,38.2365,102.492,84.1165,74.0783,48.4858,31.0607,135.988,97.0104
2021-12-16,40.708,76.0925,23.734,38.7174,102.541,81.7281,74.6049,48.6707,31.2194,136.8,94.8706
2021-12-17,40.1989,75.786,23.2506,37.8634,100.787,81.1835,73.3278,48.5054,30.7493,135.838,94.2224
2021-12-20,39.48,75.2594,22.965,37.1242,99.1722,80.2184,73.3475,48.1929,30.7799,135.016,92.6979
2021-12-21,39.9778,76.6899,23.619,37.8931,101.144,82.2473,73.249,48.4671,30.7358,135.58,95.1021
2021-12-22,40.2955,76.878,23.7708,38.0702,101.432,83.3242,73.7105,48.9459,30.8685,137.158,96.8357
2021-12-23,40.7013,77.5629,23.7838,38.2682,102.63,83.7905,73.8771,48.7994,30.8642,137.723,98.1806
2021-12-27,41.3143,78.3174,24.3034,38.662,103.71,85.5863,74.6631,49.7963,31.0148,139.181,99.1332
2021-12-28,41.5539,78.2786,24.2864,38.6818,104.235,85.139,75.0851,50.0117,31.2937,138.814,99.1781
2021-12-29,41.7245,77.8914,24.1302,38.6323,104.423,85.2128,75.4283,50.3145,31.4617,139.607,99.3752
2021-12-30,41.5771,78.2189,23.9829,38.5641,104.047,84.6512,75.1926,50.5386,31.5771,139.895,99.0174
2021-12-31,41.7612,77.1358,24.0436,38.4947,104.493,84.2358,75.7034,50.6468,31.6876,139.3,98.7849
